date,tempmin_f,tempmax_f,tempavg_f,humidity_pct,precip_inches,precip_probability_pct,snow_inches,conditions
2022-01-01,45.5,53.42,48.92,93.5,0.19,100.0,0.0,"Rain, Overcast"
2022-01-02,33.26,49.64,41.72,90.5,0.09,100.0,0.0,"Snow, Rain, Partially cloudy"
2022-01-03,17.78,30.92,24.08,63.3,0.0,0.0,0.0,Clear
2022-01-04,12.92,32.36,21.92,66.5,0.0,0.0,0.0,Clear
2022-01-05,21.74,37.04,28.4,84.2,0.02,0.0,0.0,Partially cloudy
2022-01-06,25.52,36.14,30.92,68.5,0.0,0.0,0.03,Partially cloudy
2022-01-07,22.28,32.72,27.68,67.6,0.13,100.0,0.07,"Snow, Rain, Partially cloudy"
2022-01-08,10.4,28.4,19.4,55.2,0.0,0.0,0.0,Clear
2022-01-09,14.18,35.42,29.12,80.4,0.2,100.0,0.0,"Snow, Rain, Overcast"
2022-01-10,17.06,36.5,25.52,56.4,0.0,0.0,0.0,Partially cloudy
2022-01-11,6.8,20.3,13.46,51.7,0.0,0.0,0.0,Clear
2022-01-12,8.42,32.72,22.46,61.4,0.0,0.0,0.0,Clear
2022-01-13,24.62,42.8,31.82,73.2,0.0,0.0,0.0,Partially cloudy
2022-01-14,14.0,36.68,27.32,76.3,0.0,0.0,0.01,Partially cloudy
2022-01-15,3.56,14.36,8.78,49.2,0.0,0.0,0.0,Clear
2022-01-16,0.32,23.0,11.84,62.2,0.08,100.0,0.06,"Snow, Partially cloudy"
2022-01-17,25.52,39.74,34.34,78.1,0.42,100.0,0.28,"Snow, Rain, Overcast"
2022-01-18,18.68,32.36,28.58,53.3,0.0,0.0,0.0,Partially cloudy
2022-01-19,15.44,43.52,29.84,67.8,0.0,0.0,0.0,Partially cloudy
2022-01-20,15.8,37.76,29.48,63.8,0.06,100.0,0.0,"Snow, Rain, Partially cloudy"
2022-01-21,6.44,17.6,11.48,51.8,0.0,0.0,0.0,Clear
2022-01-22,-0.22,22.28,9.86,63.7,0.0,0.0,0.03,Clear
2022-01-23,10.4,33.26,22.46,65.7,0.0,0.0,0.0,Partially cloudy
2022-01-24,21.56,30.2,25.34,68.5,0.01,0.0,0.06,Partially cloudy
2022-01-25,23.36,37.04,29.48,68.4,0.0,0.0,0.0,Partially cloudy
2022-01-26,7.7,25.7,17.96,51.8,0.0,0.0,0.0,Clear
2022-01-27,-0.22,30.02,14.72,62.9,0.0,0.0,0.0,Clear
2022-01-28,23.36,31.28,27.5,69.9,0.01,0.0,0.01,Overcast
2022-01-29,9.68,21.02,14.0,62.5,0.05,100.0,0.23,"Snow, Partially cloudy"
2022-01-30,4.28,24.44,13.82,46.9,0.0,0.0,0.0,Clear
2022-01-31,-2.02,28.4,12.02,63.4,0.0,0.0,0.0,Clear
2022-02-01,0.14,35.06,17.24,67.7,0.0,0.0,0.0,Clear
2022-02-02,17.42,43.52,31.46,79.2,0.0,0.0,0.0,Partially cloudy
2022-02-03,35.42,42.8,38.84,95.8,0.99,100.0,0.0,"Snow, Rain, Overcast"
2022-02-04,20.66,32.72,26.78,86.9,0.68,100.0,0.0,"Snow, Rain, Overcast"
2022-02-05,13.64,23.72,19.4,69.9,0.0,0.0,0.0,Partially cloudy
2022-02-06,8.06,26.96,17.06,71.1,0.0,0.0,0.0,Clear
2022-02-07,15.62,33.44,27.14,89.1,0.03,100.0,0.09,"Snow, Rain, Overcast"
2022-02-08,28.94,36.5,33.62,78.8,0.0,0.0,0.0,Partially cloudy
2022-02-09,21.02,45.5,32.72,62.6,0.0,0.0,0.0,Clear
2022-02-10,26.96,48.2,35.6,74.6,0.01,0.0,0.0,Partially cloudy
2022-02-11,21.56,54.5,38.66,61.7,0.0,0.0,0.0,Clear
2022-02-12,34.16,53.06,44.42,55.5,0.0,0.0,0.0,Partially cloudy
2022-02-13,21.02,33.44,26.42,67.5,0.07,100.0,0.04,"Snow, Rain, Overcast"
2022-02-14,10.76,24.26,17.96,43.5,0.0,0.0,0.0,Clear
2022-02-15,6.98,30.56,18.32,53.3,0.0,0.0,0.0,Clear
2022-02-16,12.02,42.8,28.04,69.2,0.0,0.0,0.0,Clear
2022-02-17,29.3,58.82,47.84,77.1,0.16,100.0,0.0,"Rain, Partially cloudy"
2022-02-18,21.2,62.42,42.08,56.2,0.16,100.0,0.0,"Rain, Partially cloudy"
2022-02-19,16.7,34.7,24.8,59.9,0.02,100.0,0.01,"Snow, Rain, Partially cloudy"
2022-02-20,13.64,35.96,26.06,45.3,0.0,0.0,0.0,Clear
2022-02-21,22.64,56.12,37.4,53.7,0.0,0.0,0.0,Clear
2022-02-22,25.7,59.18,40.82,85.1,0.39,100.0,0.0,"Rain, Partially cloudy"
2022-02-23,30.56,66.02,54.32,65.7,0.0,0.0,0.0,Partially cloudy
2022-02-24,24.08,29.66,26.42,47.1,0.0,0.0,0.04,Partially cloudy
2022-02-25,22.28,37.76,27.32,71.2,0.73,100.0,0.35,"Snow, Rain, Partially cloudy"
2022-02-26,12.02,35.78,23.9,56.6,0.0,0.0,0.0,Clear
2022-02-27,22.28,43.16,32.36,52.5,0.0,0.0,0.0,Partially cloudy
2022-02-28,20.3,31.64,26.24,40.0,0.0,0.0,0.0,Clear
2022-03-01,21.02,42.26,31.28,60.4,0.04,100.0,0.0,"Snow, Rain, Partially cloudy"
2022-03-02,32.72,45.32,38.48,65.3,0.0,0.0,0.0,Partially cloudy
2022-03-03,22.28,40.64,33.62,52.4,0.05,100.0,0.0,"Snow, Rain, Partially cloudy"
2022-03-04,13.28,36.68,24.62,50.3,0.0,0.0,0.01,Clear
2022-03-05,17.42,43.52,31.1,57.4,0.0,0.0,0.0,Clear
2022-03-06,36.14,65.48,49.46,74.6,0.08,100.0,0.0,"Rain, Partially cloudy"
2022-03-07,42.98,62.6,49.82,70.5,0.18,100.0,0.0,"Rain, Partially cloudy"
2022-03-08,29.3,44.06,38.66,49.6,0.0,0.0,0.0,Partially cloudy
2022-03-09,28.76,34.34,31.28,82.3,0.32,100.0,0.05,"Snow, Rain, Partially cloudy"
2022-03-10,28.58,46.76,34.52,82.6,0.0,0.0,0.03,Partially cloudy
2022-03-11,24.44,53.96,39.38,66.1,0.0,0.0,0.0,Clear
2022-03-12,21.56,41.72,31.46,76.0,0.26,100.0,0.05,"Snow, Rain, Overcast"
2022-03-13,20.3,34.34,26.78,47.4,0.0,0.0,0.02,Partially cloudy
2022-03-14,21.74,52.52,37.04,55.7,0.0,0.0,0.0,Partially cloudy
2022-03-15,29.66,64.94,47.66,59.4,0.02,100.0,0.0,Rain
2022-03-16,32.72,64.94,47.12,72.9,0.0,0.0,0.0,Partially cloudy
2022-03-17,38.48,51.98,46.22,92.2,0.14,100.0,0.0,"Rain, Partially cloudy"
2022-03-18,45.86,72.5,56.48,75.7,0.0,0.0,0.0,Partially cloudy
2022-03-19,53.06,65.66,57.2,82.5,0.23,100.0,0.0,"Rain, Partially cloudy"
2022-03-20,42.98,55.04,49.28,74.0,0.03,100.0,0.0,"Rain, Partially cloudy"
2022-03-21,34.52,59.36,48.02,46.4,0.0,0.0,0.0,Clear
2022-03-22,32.36,54.68,43.16,37.9,0.0,0.0,0.0,Clear
2022-03-23,30.56,46.94,38.66,49.6,0.04,100.0,0.0,"Rain, Partially cloudy"
2022-03-24,36.14,43.7,39.56,90.6,0.35,100.0,0.0,"Rain, Overcast"
2022-03-25,39.02,57.2,46.94,72.9,0.14,100.0,0.0,"Rain, Partially cloudy"
2022-03-26,37.58,48.74,44.6,68.7,0.13,100.0,0.0,"Rain, Partially cloudy"
2022-03-27,28.58,41.36,37.58,59.3,0.02,100.0,0.0,"Snow, Rain, Partially cloudy"
2022-03-28,21.02,28.04,24.26,42.1,0.0,0.0,0.0,Partially cloudy
2022-03-29,22.28,36.5,28.94,40.3,0.0,0.0,0.0,Partially cloudy
2022-03-30,20.84,42.44,32.72,42.5,0.0,0.0,0.0,Partially cloudy
2022-03-31,33.98,66.2,48.56,77.2,0.86,100.0,0.0,"Rain, Overcast"
2022-04-01,41.18,55.94,48.02,74.4,0.46,100.0,0.0,"Rain, Overcast"
2022-04-02,34.34,52.52,42.62,46.2,0.0,0.0,0.0,Partially cloudy
2022-04-03,33.8,43.34,38.3,81.8,0.26,100.0,0.0,"Rain, Partially cloudy"
2022-04-04,32.72,53.06,43.7,59.8,0.0,0.0,0.0,Partially cloudy
2022-04-05,29.12,59.36,44.42,61.9,0.0,0.0,0.0,Partially cloudy
2022-04-06,44.42,51.98,48.2,84.4,0.21,100.0,0.0,"Rain, Overcast"
2022-04-07,46.58,50.72,48.56,84.5,1.63,100.0,0.0,"Rain, Overcast"
2022-04-08,43.34,60.08,51.44,69.3,0.48,100.0,0.0,"Rain, Partially cloudy"
2022-04-09,39.02,51.26,45.68,81.6,0.28,100.0,0.0,"Rain, Partially cloudy"
2022-04-10,35.06,46.58,41.54,64.4,0.0,0.0,0.0,Partially cloudy
2022-04-11,29.66,61.7,46.76,51.0,0.0,0.0,0.0,Clear
2022-04-12,47.84,69.8,56.84,57.8,0.16,100.0,0.0,"Rain, Partially cloudy"
2022-04-13,37.94,76.28,59.18,60.8,0.0,0.0,0.0,Clear
2022-04-14,56.12,83.3,66.92,61.4,0.26,100.0,0.0,"Rain, Partially cloudy"
2022-04-15,38.66,68.18,56.12,39.9,0.0,0.0,0.0,Clear
2022-04-16,41.72,66.74,55.58,54.9,0.36,100.0,0.0,"Rain, Partially cloudy"
2022-04-17,35.06,46.94,41.0,59.0,0.0,0.0,0.0,Partially cloudy
2022-04-18,27.68,53.78,40.46,61.3,0.12,100.0,0.0,"Rain, Partially cloudy"
2022-04-19,35.06,46.76,41.0,71.1,1.07,100.0,0.2,"Snow, Rain, Partially cloudy"
2022-04-20,38.66,55.4,46.76,46.0,0.0,0.0,0.0,Partially cloudy
2022-04-21,32.36,60.08,48.2,58.3,0.0,0.0,0.0,Partially cloudy
2022-04-22,39.74,63.68,53.42,53.1,0.0,0.0,0.0,Clear
2022-04-23,35.96,62.06,50.54,55.1,0.0,0.0,0.0,Partially cloudy
2022-04-24,46.04,65.3,55.4,44.4,0.0,0.0,0.0,Clear
2022-04-25,40.82,61.7,52.34,46.4,0.0,0.0,0.0,Partially cloudy
2022-04-26,51.44,55.4,53.24,75.1,0.13,100.0,0.0,"Rain, Overcast"
2022-04-27,38.66,53.6,47.12,57.1,0.07,100.0,0.0,"Rain, Partially cloudy"
2022-04-28,36.68,54.5,44.96,35.2,0.0,0.0,0.0,Partially cloudy
2022-04-29,33.26,59.36,47.84,27.5,0.0,0.0,0.0,Clear
2022-04-30,31.28,64.22,49.64,41.8,0.0,0.0,0.0,Clear
2022-05-01,33.44,68.36,53.42,48.2,0.0,0.0,0.0,Clear
2022-05-02,50.36,57.74,52.16,85.2,0.3,100.0,0.0,"Rain, Overcast"
2022-05-03,44.42,62.6,53.24,79.7,0.0,0.0,0.0,Partially cloudy
2022-05-04,49.64,59.0,53.6,86.2,0.25,100.0,0.0,"Rain, Overcast"
2022-05-05,46.94,68.72,59.18,64.1,0.0,0.0,0.0,Partially cloudy
2022-05-06,50.72,55.4,53.24,80.3,0.31,100.0,0.0,"Rain, Partially cloudy"
2022-05-07,46.4,54.14,50.54,59.2,0.14,100.0,0.0,"Rain, Partially cloudy"
2022-05-08,44.96,59.72,52.34,36.4,0.0,0.0,0.0,Clear
2022-05-09,34.7,71.6,55.22,35.1,0.0,0.0,0.0,Clear
2022-05-10,42.08,73.4,58.64,29.7,0.0,0.0,0.0,Clear
2022-05-11,39.02,78.08,59.9,46.0,0.0,0.0,0.0,Partially cloudy
2022-05-12,47.3,79.52,64.94,68.1,0.0,0.0,0.0,Partially cloudy
2022-05-13,57.38,78.98,68.72,79.0,0.0,0.0,0.0,Partially cloudy
2022-05-14,60.08,78.08,69.44,79.0,0.0,0.0,0.0,Partially cloudy
2022-05-15,62.06,80.6,68.9,82.5,0.53,100.0,0.0,"Rain, Partially cloudy"
2022-05-16,58.64,78.44,66.56,84.6,0.42,100.0,0.0,"Rain, Partially cloudy"
2022-05-17,50.72,71.42,61.7,56.9,0.0,0.0,0.0,Partially cloudy
2022-05-18,46.58,70.7,59.54,51.4,0.0,0.0,0.0,Partially cloudy
2022-05-19,52.52,63.68,57.02,86.6,0.33,100.0,0.0,"Rain, Partially cloudy"
2022-05-20,50.18,73.94,60.8,88.1,0.21,100.0,0.0,"Rain, Partially cloudy"
2022-05-21,63.14,90.5,74.12,78.0,0.0,0.0,0.0,Partially cloudy
2022-05-22,64.4,89.78,75.56,75.5,0.25,100.0,0.0,"Rain, Partially cloudy"
2022-05-23,56.48,69.26,63.32,56.5,0.0,0.0,0.0,Partially cloudy
2022-05-24,52.7,68.18,60.44,57.0,0.0,0.0,0.0,Partially cloudy
2022-05-25,49.82,73.76,61.16,65.5,0.0,0.0,0.0,Partially cloudy
2022-05-26,51.44,72.14,62.06,65.5,0.0,0.0,0.0,Partially cloudy
2022-05-27,63.14,77.36,68.9,81.6,0.11,100.0,0.0,"Rain, Partially cloudy"
2022-05-28,59.72,70.52,66.02,91.9,0.62,100.0,0.0,"Rain, Partially cloudy"
2022-05-29,48.92,76.1,63.68,71.7,0.0,0.0,0.0,Clear
2022-05-30,54.14,86.18,70.88,71.9,0.0,0.0,0.0,Clear
2022-05-31,67.1,91.58,79.16,64.7,0.0,0.0,0.0,Clear
2022-06-01,58.28,70.52,64.4,80.6,0.75,100.0,0.0,"Rain, Partially cloudy"
2022-06-02,60.8,73.94,67.46,89.5,0.08,100.0,0.0,"Rain, Partially cloudy"
2022-06-03,61.7,79.52,69.8,68.2,0.06,100.0,0.0,"Rain, Partially cloudy"
2022-06-04,49.64,80.42,66.2,55.8,0.0,0.0,0.0,Clear
2022-06-05,44.78,75.2,61.16,58.0,0.0,0.0,0.0,Clear
2022-06-06,48.02,79.52,65.66,61.1,0.0,0.0,0.0,Clear
2022-06-07,51.44,78.08,66.2,69.8,0.05,100.0,0.0,"Rain, Partially cloudy"
2022-06-08,63.14,78.62,70.7,67.7,0.03,100.0,0.0,"Rain, Partially cloudy"
2022-06-09,60.08,78.62,68.54,70.2,0.8,100.0,0.0,"Rain, Partially cloudy"
2022-06-10,55.58,76.28,66.02,61.0,0.0,0.0,0.0,Clear
2022-06-11,53.06,75.56,64.58,69.0,0.0,0.0,0.0,Clear
2022-06-12,53.78,70.52,63.68,82.5,0.0,0.0,0.0,Partially cloudy
2022-06-13,64.4,83.3,72.32,70.8,0.06,100.0,0.0,"Rain, Partially cloudy"
2022-06-14,55.04,80.6,67.64,66.5,0.0,0.0,0.0,Clear
2022-06-15,55.4,83.3,69.8,68.4,0.0,0.0,0.0,Clear
2022-06-16,62.06,71.6,66.74,80.4,0.28,100.0,0.0,"Rain, Overcast"
2022-06-17,67.64,87.08,75.92,64.5,0.0,0.0,0.0,Partially cloudy
2022-06-18,54.14,72.14,63.14,56.6,0.0,0.0,0.0,Partially cloudy
2022-06-19,49.46,70.7,60.98,48.2,0.0,0.0,0.0,Clear
2022-06-20,46.76,78.8,63.14,57.9,0.0,0.0,0.0,Clear
2022-06-21,49.28,73.4,61.88,75.9,0.01,0.0,0.0,Partially cloudy
2022-06-22,61.16,64.22,62.78,85.7,0.1,100.0,0.0,"Rain, Overcast"
2022-06-23,58.28,69.44,64.04,82.7,0.03,0.0,0.0,Overcast
2022-06-24,55.58,83.3,69.08,77.4,0.0,0.0,0.0,Partially cloudy
2022-06-25,57.38,87.98,73.4,69.0,0.0,0.0,0.0,Clear
2022-06-26,59.72,88.7,75.74,66.6,0.0,0.0,0.0,Clear
2022-06-27,61.7,78.44,73.94,70.0,0.05,100.0,0.0,"Rain, Partially cloudy"
2022-06-28,57.02,77.18,67.1,63.3,0.0,0.0,0.0,Partially cloudy
2022-06-29,51.98,82.94,69.08,66.5,0.0,0.0,0.0,Clear
2022-06-30,55.58,85.1,71.24,65.6,0.0,0.0,0.0,Clear
2022-07-01,59.36,91.94,77.36,63.4,0.0,0.0,0.0,Clear
2022-07-02,68.18,84.56,74.66,81.1,0.6,100.0,0.0,"Rain, Partially cloudy"
2022-07-03,62.06,83.3,73.94,63.0,0.0,0.0,0.0,Partially cloudy
2022-07-04,51.44,82.76,68.72,61.1,0.0,0.0,0.0,Clear
2022-07-05,62.42,82.58,72.68,69.8,0.01,0.0,0.0,Partially cloudy
2022-07-06,69.26,82.94,77.36,66.4,0.0,0.0,0.0,Partially cloudy
2022-07-07,62.06,81.68,72.32,68.3,0.0,0.0,0.0,Partially cloudy
2022-07-08,62.6,86.0,74.48,69.8,0.02,100.0,0.0,"Rain, Partially cloudy"
2022-07-09,62.06,83.3,72.86,57.4,0.0,0.0,0.0,Clear
2022-07-10,51.44,80.6,67.64,58.0,0.0,0.0,0.0,Clear
2022-07-11,55.94,87.44,72.68,62.0,0.0,0.0,0.0,Clear
2022-07-12,64.94,91.04,77.36,59.8,0.06,100.0,0.0,"Rain, Partially cloudy"
2022-07-13,63.68,87.98,76.46,65.5,0.0,0.0,0.0,Partially cloudy
2022-07-14,63.68,84.2,73.04,71.9,0.13,100.0,0.0,"Rain, Partially cloudy"
2022-07-15,56.12,84.02,71.78,62.5,0.0,0.0,0.0,Clear
2022-07-16,60.62,82.22,72.14,74.3,0.0,0.0,0.0,Partially cloudy
2022-07-17,64.4,87.44,76.46,71.3,0.0,0.0,0.0,Partially cloudy
2022-07-18,71.78,81.68,75.02,87.0,0.43,100.0,0.0,"Rain, Partially cloudy"
2022-07-19,68.36,91.94,79.7,67.2,0.0,0.0,0.0,Clear
2022-07-20,69.08,95.18,82.94,62.8,0.0,0.0,0.0,Clear
2022-07-21,71.96,96.08,84.02,61.6,0.0,0.0,0.0,Clear
2022-07-22,67.64,94.1,79.34,64.1,0.05,100.0,0.0,Rain
2022-07-23,66.02,95.18,80.96,61.5,0.0,0.0,0.0,Clear
2022-07-24,67.64,94.82,81.32,62.0,0.03,100.0,0.0,Rain
2022-07-25,70.52,88.52,78.44,73.7,0.04,100.0,0.0,"Rain, Partially cloudy"
2022-07-26,60.44,82.4,72.86,56.7,0.0,0.0,0.0,Clear
2022-07-27,56.12,86.36,72.32,62.7,0.0,0.0,0.0,Clear
2022-07-28,71.06,89.06,78.8,72.4,0.06,100.0,0.0,"Rain, Partially cloudy"
2022-07-29,68.72,87.98,76.82,72.1,0.0,0.0,0.0,Partially cloudy
2022-07-30,67.1,86.72,77.0,57.3,0.0,0.0,0.0,Partially cloudy
2022-07-31,57.2,86.18,72.5,64.2,0.0,0.0,0.0,Clear
2022-08-01,67.28,80.06,73.22,77.3,0.13,100.0,0.0,"Rain, Partially cloudy"
2022-08-02,65.3,91.4,77.36,71.2,0.01,0.0,0.0,Partially cloudy
2022-08-03,62.06,90.14,76.46,63.6,0.0,0.0,0.0,Clear
2022-08-04,63.68,97.7,80.42,63.5,0.0,0.0,0.0,Clear
2022-08-05,71.6,92.3,80.06,69.7,0.01,0.0,0.0,Clear
2022-08-06,71.06,91.4,81.32,70.5,0.01,100.0,0.0,Rain
2022-08-07,73.4,95.18,81.5,72.3,0.13,100.0,0.0,"Rain, Partially cloudy"
2022-08-08,71.42,94.1,82.04,73.6,0.23,100.0,0.0,"Rain, Partially cloudy"
2022-08-09,76.46,89.96,83.3,67.8,0.0,0.0,0.0,Partially cloudy
2022-08-10,69.44,86.36,77.18,57.5,0.0,0.0,0.0,Partially cloudy
2022-08-11,63.68,89.06,76.1,58.3,0.0,0.0,0.0,Partially cloudy
2022-08-12,61.7,83.66,72.14,50.3,0.0,0.0,0.0,Clear
2022-08-13,51.08,79.7,67.1,55.2,0.0,0.0,0.0,Partially cloudy
2022-08-14,50.36,84.38,68.72,58.5,0.0,0.0,0.0,Clear
2022-08-15,55.94,86.36,72.14,56.9,0.0,0.0,0.0,Partially cloudy
2022-08-16,57.2,86.18,73.22,54.4,0.0,0.0,0.0,Partially cloudy
2022-08-17,57.02,80.78,69.44,63.3,0.0,0.0,0.0,Partially cloudy
2022-08-18,57.02,86.18,70.16,65.9,0.01,0.0,0.0,Partially cloudy
2022-08-19,57.02,90.14,74.48,59.9,0.0,0.0,0.0,Clear
2022-08-20,63.14,90.68,77.18,61.5,0.0,0.0,0.0,Clear
2022-08-21,64.04,87.44,75.56,66.2,0.0,0.0,0.0,Clear
2022-08-22,69.08,77.36,72.68,84.9,0.21,100.0,0.0,"Rain, Partially cloudy"
2022-08-23,68.0,86.36,75.92,74.7,0.0,0.0,0.0,Partially cloudy
2022-08-24,64.94,89.78,76.1,65.3,0.0,0.0,0.0,Partially cloudy
2022-08-25,60.62,91.76,76.28,60.7,0.0,0.0,0.0,Clear
2022-08-26,62.42,87.8,75.56,68.2,0.03,100.0,0.0,"Rain, Partially cloudy"
2022-08-27,64.4,87.08,75.56,63.1,0.0,0.0,0.0,Partially cloudy
2022-08-28,65.48,84.38,73.94,66.2,0.0,0.0,0.0,Partially cloudy
2022-08-29,70.16,90.86,79.16,68.8,0.0,0.0,0.0,Partially cloudy
2022-08-30,71.42,91.76,79.34,72.6,0.39,100.0,0.0,"Rain, Partially cloudy"
2022-08-31,62.06,82.04,72.14,67.3,0.12,100.0,0.0,"Rain, Partially cloudy"
2022-09-01,58.64,81.14,69.8,54.3,0.0,0.0,0.0,Clear
2022-09-02,49.1,81.86,64.76,60.4,0.0,0.0,0.0,Clear
2022-09-03,54.5,82.76,69.62,68.6,0.0,0.0,0.0,Clear
2022-09-04,67.46,87.44,73.94,76.7,0.06,100.0,0.0,"Rain, Partially cloudy"
2022-09-05,64.04,74.12,68.18,90.6,0.96,100.0,0.0,"Rain, Partially cloudy"
2022-09-06,64.94,67.82,66.74,94.9,1.22,100.0,0.0,"Rain, Partially cloudy"
2022-09-07,64.04,67.82,65.66,87.6,0.02,0.0,0.0,Partially cloudy
2022-09-08,56.84,80.6,67.82,77.7,0.0,0.0,0.0,Partially cloudy
2022-09-09,53.6,81.68,66.74,74.0,0.0,0.0,0.0,Clear
2022-09-10,54.68,84.38,68.0,71.5,0.0,0.0,0.0,Clear
2022-09-11,62.96,71.6,66.74,86.2,0.05,100.0,0.0,"Rain, Partially cloudy"
2022-09-12,64.58,79.52,69.8,86.6,0.02,0.0,0.0,Partially cloudy
2022-09-13,66.38,82.76,73.4,82.2,0.2,100.0,0.0,"Rain, Partially cloudy"
2022-09-14,55.22,78.8,66.38,74.0,0.0,0.0,0.0,Clear
2022-09-15,48.74,72.68,62.06,63.3,0.0,0.0,0.0,Clear
2022-09-16,43.7,71.96,57.2,71.3,0.0,0.0,0.0,Clear
2022-09-17,56.3,75.02,63.68,72.6,0.0,0.0,0.0,Partially cloudy
2022-09-18,56.3,82.58,69.44,76.3,0.0,0.0,0.0,Partially cloudy
2022-09-19,63.68,82.58,71.6,77.5,0.33,100.0,0.0,"Rain, Partially cloudy"
2022-09-20,59.18,74.66,67.82,76.9,0.0,0.0,0.0,Partially cloudy
2022-09-21,55.94,78.44,67.1,75.3,0.0,0.0,0.0,Partially cloudy
2022-09-22,55.04,68.18,63.68,79.2,1.03,100.0,0.0,"Rain, Partially cloudy"
2022-09-23,44.96,60.44,52.7,56.0,0.0,0.0,0.0,Clear
2022-09-24,38.66,68.36,52.16,71.0,0.0,0.0,0.0,Clear
2022-09-25,48.56,68.36,57.92,80.7,0.0,0.0,0.0,Partially cloudy
2022-09-26,52.52,72.14,61.16,79.8,0.09,100.0,0.0,"Rain, Partially cloudy"
2022-09-27,46.58,64.04,54.68,78.8,0.0,0.0,0.0,Partially cloudy
2022-09-28,48.92,69.62,57.38,73.2,0.0,0.0,0.0,Partially cloudy
2022-09-29,42.62,64.04,53.24,74.1,0.0,0.0,0.0,Clear
2022-09-30,40.82,62.6,51.26,79.7,0.0,0.0,0.0,Clear
2022-10-01,50.9,63.5,56.48,74.1,0.02,100.0,0.0,"Rain, Partially cloudy"
2022-10-02,51.08,59.0,54.86,70.5,0.0,0.0,0.0,Partially cloudy
2022-10-03,46.94,53.6,49.46,65.8,0.02,100.0,0.0,Rain
2022-10-04,47.3,53.06,49.28,79.2,0.66,100.0,0.0,"Rain, Overcast"
2022-10-05,50.0,57.74,52.88,90.0,0.79,100.0,0.0,"Rain, Overcast"
2022-10-06,46.94,72.14,56.12,84.2,0.0,0.0,0.0,Partially cloudy
2022-10-07,50.0,73.94,60.44,74.7,0.0,0.0,0.0,Partially cloudy
2022-10-08,36.5,56.48,49.1,65.5,0.0,0.0,0.0,Partially cloudy
2022-10-09,33.44,61.7,46.94,73.1,0.0,0.0,0.0,Partially cloudy
2022-10-10,40.28,65.3,51.62,74.7,0.0,0.0,0.0,Partially cloudy
2022-10-11,36.68,69.44,50.54,82.2,0.0,0.0,0.0,Clear
2022-10-12,40.1,70.52,55.04,73.0,0.0,0.0,0.0,Clear
2022-10-13,48.74,68.18,59.9,86.9,0.5,100.0,0.0,"Rain, Partially cloudy"
2022-10-14,43.7,66.2,54.68,80.3,0.34,100.0,0.0,"Rain, Partially cloudy"
2022-10-15,37.94,68.72,51.26,75.7,0.0,0.0,0.0,Partially cloudy
2022-10-16,38.3,62.42,49.82,79.1,0.0,0.0,0.0,Clear
2022-10-17,40.1,62.42,49.82,92.4,0.42,100.0,0.0,"Rain, Partially cloudy"
2022-10-18,37.4,56.3,47.12,70.6,0.0,0.0,0.0,Partially cloudy
2022-10-19,31.64,50.36,41.0,73.2,0.0,0.0,0.0,Partially cloudy
2022-10-20,32.72,56.3,43.16,66.2,0.0,0.0,0.0,Clear
2022-10-21,30.2,61.52,43.88,68.6,0.0,0.0,0.0,Clear
2022-10-22,31.28,67.64,47.48,70.6,0.0,0.0,0.0,Clear
2022-10-23,38.48,57.2,49.1,80.6,0.0,0.0,0.0,Partially cloudy
2022-10-24,52.52,58.28,56.12,84.6,0.29,100.0,0.0,"Rain, Overcast"
2022-10-25,57.02,72.68,63.32,92.4,0.33,100.0,0.0,"Rain, Overcast"
2022-10-26,58.64,73.4,64.58,85.4,0.01,0.0,0.0,Partially cloudy
2022-10-27,43.34,62.96,55.4,61.8,0.0,0.0,0.0,Clear
2022-10-28,35.6,54.5,43.88,67.2,0.0,0.0,0.0,Clear
2022-10-29,27.5,59.72,40.82,73.5,0.0,0.0,0.0,Clear
2022-10-30,25.52,66.2,41.18,68.5,0.0,0.0,0.0,Clear
2022-10-31,32.72,63.5,49.64,76.1,0.0,0.0,0.0,Partially cloudy
2022-11-01,53.06,66.2,58.64,89.6,0.17,100.0,0.0,"Rain, Partially cloudy"
2022-11-02,40.64,68.36,53.6,75.4,0.0,0.0,0.0,Clear
2022-11-03,34.7,68.36,49.46,72.7,0.0,0.0,0.0,Clear
2022-11-04,36.5,71.06,53.24,75.9,0.0,0.0,0.0,Clear
2022-11-05,51.44,75.56,64.58,76.9,0.0,0.0,0.0,Partially cloudy
2022-11-06,65.3,69.8,68.18,80.7,0.05,100.0,0.0,"Rain, Overcast"
2022-11-07,50.0,73.94,66.02,54.0,0.04,100.0,0.0,"Rain, Partially cloudy"
2022-11-08,37.22,55.22,45.32,50.1,0.0,0.0,0.0,Clear
2022-11-09,28.4,52.52,39.56,57.5,0.0,0.0,0.0,Clear
2022-11-10,30.74,66.2,47.48,74.5,0.0,0.0,0.0,Clear
2022-11-11,44.78,69.44,57.38,89.0,0.59,100.0,0.0,"Rain, Overcast"
2022-11-12,53.42,70.52,63.68,73.2,0.14,100.0,0.0,"Rain, Partially cloudy"
2022-11-13,37.58,52.52,46.22,67.3,0.11,100.0,0.0,"Rain, Partially cloudy"
2022-11-14,26.6,42.98,37.04,57.4,0.0,0.0,0.0,Partially cloudy
2022-11-15,21.2,41.72,31.82,74.8,0.23,100.0,0.0,"Snow, Rain, Partially cloudy"
2022-11-16,32.9,46.58,38.3,83.6,0.36,100.0,0.14,"Snow, Rain, Partially cloudy"
2022-11-17,32.72,43.16,36.86,64.3,0.0,0.0,0.0,Partially cloudy
2022-11-18,28.04,40.1,34.52,59.1,0.0,0.0,0.0,Partially cloudy
2022-11-19,22.1,37.76,30.2,60.5,0.0,0.0,0.0,Clear
2022-11-20,23.36,34.7,29.84,49.1,0.0,0.0,0.0,Partially cloudy
2022-11-21,18.68,39.56,30.38,48.1,0.0,0.0,0.0,Clear
2022-11-22,22.64,47.66,35.06,59.5,0.0,0.0,0.0,Clear
2022-11-23,24.08,52.7,35.96,63.7,0.0,0.0,0.0,Clear
2022-11-24,21.2,51.8,33.62,75.5,0.0,0.0,0.0,Clear
2022-11-25,31.1,51.98,42.26,74.8,0.08,100.0,0.0,"Rain, Partially cloudy"
2022-11-26,33.8,55.4,44.6,51.9,0.0,0.0,0.0,Clear
2022-11-27,33.08,49.82,42.98,74.1,0.52,100.0,0.0,"Rain, Partially cloudy"
2022-11-28,31.28,50.36,45.14,72.0,0.0,0.0,0.0,Partially cloudy
2022-11-29,24.08,39.2,30.92,80.4,0.0,0.0,0.0,Partially cloudy
2022-11-30,26.42,55.04,41.18,82.1,0.5,100.0,0.0,"Rain, Partially cloudy"
2022-12-01,26.42,42.08,35.96,51.7,0.0,0.0,0.0,Partially cloudy
2022-12-02,21.2,42.98,32.0,66.9,0.0,0.0,0.0,Clear
2022-12-03,35.06,55.94,46.58,74.9,0.27,100.0,0.0,"Rain, Partially cloudy"
2022-12-04,24.08,42.08,34.88,58.3,0.0,0.0,0.0,Clear
2022-12-05,19.4,45.5,29.84,71.2,0.0,0.0,0.0,Clear
2022-12-06,26.06,54.68,40.1,86.4,0.29,100.0,0.0,"Rain, Partially cloudy"
2022-12-07,47.84,57.2,54.68,94.2,0.25,100.0,0.0,"Rain, Overcast"
2022-12-08,36.32,51.08,44.6,73.4,0.0,0.0,0.0,Partially cloudy
2022-12-09,29.3,42.26,34.52,60.9,0.0,0.0,0.0,Clear
2022-12-10,23.36,35.96,28.76,61.9,0.0,0.0,0.0,Partially cloudy
2022-12-11,29.3,33.62,30.92,82.0,0.29,100.0,0.06,"Snow, Rain, Overcast"
2022-12-12,17.42,31.64,27.68,83.3,0.01,0.0,0.04,Partially cloudy
2022-12-13,10.04,32.0,20.3,77.4,0.0,0.0,0.0,Clear
2022-12-14,19.4,33.44,26.6,63.0,0.0,0.0,0.0,Clear
2022-12-15,21.56,36.68,29.3,81.2,0.2,100.0,0.02,"Snow, Rain, Partially cloudy"
2022-12-16,33.44,37.4,35.24,92.1,0.71,100.0,0.35,"Snow, Rain, Overcast"
2022-12-17,32.72,41.18,36.32,75.2,0.04,100.0,0.04,"Snow, Rain, Partially cloudy"
2022-12-18,28.94,38.48,33.26,65.2,0.0,0.0,0.01,Partially cloudy
2022-12-19,30.56,36.5,33.26,59.4,0.0,0.0,0.0,Partially cloudy
2022-12-20,22.1,37.04,31.1,61.1,0.0,0.0,0.0,Partially cloudy
2022-12-21,16.52,37.4,24.98,76.9,0.0,0.0,0.0,Clear
2022-12-22,21.56,41.18,30.38,85.7,0.12,100.0,0.0,"Snow, Rain, Partially cloudy"
2022-12-23,6.98,56.48,36.5,77.3,1.69,100.0,0.0,"Snow, Rain, Overcast"
2022-12-24,5.18,13.1,8.96,50.1,0.0,0.0,0.0,Partially cloudy
2022-12-25,10.94,27.5,18.68,53.6,0.0,0.0,0.0,Clear
2022-12-26,15.08,27.5,21.74,56.2,0.0,0.0,0.0,Partially cloudy
2022-12-27,24.98,31.28,27.86,56.1,0.0,0.0,0.0,Overcast
2022-12-28,26.06,45.68,33.26,65.3,0.0,0.0,0.0,Partially cloudy
2022-12-29,24.08,51.08,33.8,72.2,0.0,0.0,0.0,Clear
2022-12-30,33.08,60.08,43.88,64.8,0.0,0.0,0.0,Partially cloudy
2022-12-31,32.18,51.98,43.16,89.8,0.18,100.0,0.0,"Rain, Partially cloudy"
2023-01-01,37.76,49.82,46.04,74.0,0.03,100.0,0.0,"Rain, Partially cloudy"
2023-01-02,30.38,53.96,39.74,80.1,0.0,0.0,0.0,Partially cloudy
2023-01-03,37.04,44.24,40.64,90.3,0.35,100.0,0.0,"Rain, Overcast"
2023-01-04,43.7,52.7,46.4,96.3,0.18,100.0,0.0,"Rain, Overcast"
2023-01-05,42.26,48.74,45.86,91.0,0.02,100.0,0.0,"Rain, Overcast"
2023-01-06,37.58,48.2,42.62,84.9,0.32,100.0,0.0,"Rain, Overcast"
2023-01-07,28.4,42.98,35.24,77.7,0.0,0.0,0.0,Partially cloudy
2023-01-08,22.28,36.5,28.4,72.2,0.0,0.0,0.0,Clear
2023-01-09,23.18,41.36,31.64,75.7,0.0,0.0,0.0,Partially cloudy
2023-01-10,30.02,40.1,35.06,68.3,0.0,0.0,0.0,Overcast
2023-01-11,25.16,34.7,31.1,62.9,0.0,0.0,0.0,Partially cloudy
2023-01-12,33.08,48.02,37.58,84.2,0.19,100.0,0.01,"Snow, Rain, Overcast"
2023-01-13,34.7,54.14,45.68,81.5,0.18,100.0,0.0,"Rain, Overcast"
2023-01-14,28.22,33.8,30.74,68.3,0.0,0.0,0.0,Overcast
2023-01-15,25.7,36.32,29.66,61.4,0.0,0.0,0.0,Partially cloudy
2023-01-16,24.44,39.92,29.48,53.6,0.0,0.0,0.0,Clear
2023-01-17,19.4,37.22,29.48,70.2,0.0,0.0,0.0,Partially cloudy
2023-01-18,31.82,49.28,41.18,68.4,0.0,0.0,0.0,Partially cloudy
2023-01-19,30.02,37.04,34.7,90.3,0.67,100.0,0.0,"Snow, Rain, Partially cloudy"
2023-01-20,36.14,45.14,40.1,79.5,0.02,100.0,0.0,"Rain, Overcast"
2023-01-21,32.72,38.3,35.6,64.4,0.0,0.0,0.0,Overcast
2023-01-22,32.36,40.1,34.88,70.6,0.14,100.0,0.0,"Snow, Rain, Overcast"
2023-01-23,32.72,35.06,33.8,87.1,0.63,100.0,0.17,"Snow, Rain, Overcast"
2023-01-24,33.08,39.2,35.78,64.4,0.0,0.0,0.0,Partially cloudy
2023-01-25,28.58,39.02,33.26,83.7,0.49,100.0,0.04,"Snow, Rain, Partially cloudy"
2023-01-26,36.68,42.44,39.74,70.6,0.36,100.0,0.01,"Rain, Overcast"
2023-01-27,24.8,39.02,32.54,67.7,0.0,0.0,0.0,Partially cloudy
2023-01-28,23.36,49.28,36.5,61.1,0.0,0.0,0.0,Partially cloudy
2023-01-29,26.96,46.58,37.22,70.7,0.0,0.0,0.0,Partially cloudy
2023-01-30,29.12,48.02,37.94,78.1,0.01,0.0,0.0,Partially cloudy
2023-01-31,23.72,35.6,30.74,69.6,0.08,100.0,0.04,"Snow, Rain, Partially cloudy"
2023-02-01,21.74,34.52,26.78,48.9,0.0,0.0,0.0,Partially cloudy
2023-02-02,16.52,37.4,26.96,55.9,0.0,0.0,0.0,Clear
2023-02-03,1.94,33.26,18.14,41.1,0.0,0.0,0.0,Partially cloudy
2023-02-04,-5.44,17.6,6.98,43.2,0.0,0.0,0.0,Partially cloudy
2023-02-05,16.7,46.4,30.56,55.2,0.0,0.0,0.0,Clear
2023-02-06,26.06,45.5,34.52,68.2,0.0,0.0,0.0,Partially cloudy
2023-02-07,17.78,39.56,30.02,59.3,0.04,100.0,0.0,"Snow, Rain, Partially cloudy"
2023-02-08,27.14,49.64,37.04,70.4,0.0,0.0,0.0,Clear
2023-02-09,23.18,46.94,35.06,81.9,0.01,0.0,0.0,Partially cloudy
2023-02-10,29.3,55.04,44.06,65.5,0.0,0.0,0.0,Partially cloudy
2023-02-11,27.14,42.98,36.68,49.0,0.0,0.0,0.0,Clear
2023-02-12,21.02,47.3,32.9,63.1,0.0,0.0,0.0,Clear
2023-02-13,26.6,54.32,42.08,43.4,0.0,0.0,0.0,Clear
2023-02-14,30.56,53.6,43.16,45.9,0.0,0.0,0.0,Clear
2023-02-15,30.56,64.76,48.92,56.3,0.0,0.0,0.0,Clear
2023-02-16,37.94,60.8,51.44,68.5,0.03,100.0,0.0,"Rain, Partially cloudy"
2023-02-17,29.3,57.02,44.96,76.9,0.12,100.0,0.0,"Rain, Partially cloudy"
2023-02-18,21.02,42.44,30.56,51.1,0.0,0.0,0.0,Clear
2023-02-19,25.16,47.3,36.32,62.2,0.0,0.0,0.0,Clear
2023-02-20,28.58,58.82,41.9,68.0,0.0,0.0,0.0,Partially cloudy
2023-02-21,31.82,40.28,35.96,86.8,0.22,100.0,0.0,"Snow, Rain, Partially cloudy"
2023-02-22,24.08,37.76,32.18,79.8,0.07,100.0,0.0,"Snow, Rain, Partially cloudy"
2023-02-23,33.44,39.2,36.14,91.1,0.25,100.0,0.02,"Snow, Rain, Overcast"
2023-02-24,20.66,41.18,34.52,57.5,0.01,0.0,0.0,Partially cloudy
2023-02-25,16.7,26.96,20.84,70.5,0.04,100.0,0.0,"Snow, Partially cloudy"
2023-02-26,12.02,40.82,25.52,80.9,0.0,0.0,0.0,Partially cloudy
2023-02-27,20.84,40.28,31.28,62.9,0.15,100.0,0.0,"Snow, Rain, Partially cloudy"
2023-02-28,27.5,33.8,30.56,90.8,0.29,100.0,0.44,"Snow, Rain, Overcast"
2023-03-01,19.58,41.0,31.64,77.4,0.0,0.0,0.0,Partially cloudy
2023-03-02,34.16,51.26,39.92,77.7,0.14,100.0,0.0,"Snow, Rain, Partially cloudy"
2023-03-03,24.8,45.68,36.32,60.6,0.1,100.0,0.0,"Snow, Rain, Partially cloudy"
2023-03-04,32.72,39.2,35.42,86.8,0.65,100.0,0.3,"Snow, Rain, Overcast"
2023-03-05,33.44,48.02,40.46,66.4,0.0,0.0,0.0,Partially cloudy
2023-03-06,32.54,49.28,41.72,44.4,0.0,0.0,0.0,Partially cloudy
2023-03-07,30.92,45.14,36.86,44.4,0.0,0.0,0.0,Partially cloudy
2023-03-08,27.68,43.52,34.52,56.8,0.0,0.0,0.0,Partially cloudy
2023-03-09,27.32,45.5,36.32,61.1,0.0,0.0,0.0,Partially cloudy
2023-03-10,21.92,44.06,34.34,73.5,0.3,100.0,0.0,"Snow, Rain, Partially cloudy"
2023-03-11,32.72,39.92,35.42,82.6,0.21,100.0,0.28,"Snow, Rain, Partially cloudy"
2023-03-12,24.44,45.5,36.5,64.2,0.0,0.0,0.0,Clear
2023-03-13,34.7,42.08,38.66,84.0,0.28,100.0,0.02,"Snow, Rain, Overcast"
2023-03-14,32.72,35.42,33.62,86.6,1.15,100.0,0.64,"Snow, Rain, Overcast"
2023-03-15,32.36,40.28,35.96,56.2,0.0,0.0,0.0,Partially cloudy
2023-03-16,24.62,54.32,38.66,49.3,0.0,0.0,0.0,Clear
2023-03-17,30.92,56.3,44.24,64.4,0.0,0.0,0.0,Partially cloudy
2023-03-18,39.74,49.64,44.6,50.2,0.0,0.0,0.0,Partially cloudy
2023-03-19,26.06,39.02,31.82,41.2,0.0,0.0,0.0,Partially cloudy
2023-03-20,24.44,52.7,36.5,42.7,0.0,0.0,0.0,Clear
2023-03-21,24.08,61.7,42.8,48.2,0.0,0.0,0.0,Clear
2023-03-22,29.66,61.7,45.68,55.9,0.0,0.0,0.0,Partially cloudy
2023-03-23,44.42,56.48,51.08,83.7,0.1,100.0,0.0,"Rain, Partially cloudy"
2023-03-24,36.14,53.06,44.78,58.4,0.0,0.0,0.0,Clear
2023-03-25,30.02,40.1,37.22,80.4,0.26,100.0,0.02,"Rain, Partially cloudy"
2023-03-26,36.68,60.44,47.48,57.1,0.0,0.0,0.0,Partially cloudy
2023-03-27,28.58,60.08,42.8,63.2,0.04,100.0,0.0,"Rain, Partially cloudy"
2023-03-28,32.72,50.0,42.44,63.9,0.0,0.0,0.0,Partially cloudy
2023-03-29,25.52,54.14,40.82,55.0,0.0,0.0,0.0,Clear
2023-03-30,28.4,42.44,35.6,41.2,0.01,0.0,0.0,Clear
2023-03-31,22.1,49.64,37.22,62.4,0.03,100.0,0.0,"Rain, Partially cloudy"
2023-04-01,44.06,72.5,55.04,72.3,0.26,100.0,0.0,"Rain, Partially cloudy"
2023-04-02,30.02,51.62,42.62,38.5,0.0,0.0,0.0,Partially cloudy
2023-04-03,23.36,60.44,42.44,52.7,0.0,0.0,0.0,Clear
2023-04-04,37.4,73.76,54.5,66.3,0.0,0.0,0.0,Clear
2023-04-05,47.3,55.94,51.62,72.0,0.0,0.0,0.0,Overcast
2023-04-06,46.76,75.56,56.66,81.9,0.05,100.0,0.0,"Rain, Overcast"
2023-04-07,40.28,54.68,49.46,33.0,0.0,0.0,0.0,Partially cloudy
2023-04-08,26.96,51.98,40.28,44.1,0.0,0.0,0.0,Clear
2023-04-09,26.6,56.3,41.9,46.9,0.0,0.0,0.0,Partially cloudy
2023-04-10,28.94,66.92,47.3,51.4,0.0,0.0,0.0,Clear
2023-04-11,33.44,72.5,55.76,43.1,0.0,0.0,0.0,Clear
2023-04-12,58.82,81.5,69.44,34.0,0.0,0.0,0.0,Clear
2023-04-13,48.02,89.42,68.9,48.8,0.0,0.0,0.0,Clear
2023-04-14,50.72,90.14,72.14,45.7,0.0,0.0,0.0,Clear
2023-04-15,53.96,77.36,65.84,70.7,0.19,100.0,0.0,"Rain, Partially cloudy"
2023-04-16,56.66,71.42,62.96,83.1,0.3,100.0,0.0,"Rain, Partially cloudy"
2023-04-17,55.58,62.42,57.92,76.2,0.1,100.0,0.0,"Rain, Overcast"
2023-04-18,44.78,54.5,48.74,50.7,0.0,0.0,0.0,Overcast
2023-04-19,39.92,53.96,45.14,54.1,0.0,0.0,0.0,Partially cloudy
2023-04-20,35.96,66.92,49.28,60.0,0.0,0.0,0.0,Partially cloudy
2023-04-21,43.52,72.14,57.56,59.3,0.0,0.0,0.0,Clear
2023-04-22,50.36,64.76,56.48,81.7,0.35,100.0,0.0,"Rain, Overcast"
2023-04-23,46.76,58.1,54.32,88.3,1.3,100.0,0.0,"Rain, Partially cloudy"
2023-04-24,40.82,57.74,48.38,62.6,0.0,0.0,0.0,Partially cloudy
2023-04-25,33.26,55.94,45.14,65.6,0.0,0.0,0.0,Partially cloudy
2023-04-26,30.56,59.36,46.04,69.3,0.07,100.0,0.0,"Rain, Partially cloudy"
2023-04-27,45.86,58.28,50.18,81.3,0.15,100.0,0.0,"Rain, Partially cloudy"
2023-04-28,37.58,57.74,48.56,72.4,0.02,0.0,0.0,Partially cloudy
2023-04-29,44.42,51.08,48.38,86.3,0.92,100.0,0.0,"Rain, Overcast"
2023-04-30,48.2,55.76,52.34,92.2,0.76,100.0,0.0,"Rain, Overcast"
2023-05-01,43.52,57.74,51.8,70.7,0.31,100.0,0.0,"Rain, Partially cloudy"
2023-05-02,42.44,53.06,48.2,74.8,0.07,100.0,0.0,"Rain, Partially cloudy"
2023-05-03,42.98,55.4,48.56,70.7,0.01,0.0,0.0,Overcast
2023-05-04,45.68,56.3,49.82,77.8,0.08,100.0,0.0,"Rain, Overcast"
2023-05-05,42.44,62.06,51.8,74.0,0.04,100.0,0.0,"Rain, Partially cloudy"
2023-05-06,37.58,71.42,55.4,66.6,0.0,0.0,0.0,Partially cloudy
2023-05-07,39.56,76.28,59.9,59.0,0.06,100.0,0.0,Rain
2023-05-08,54.68,73.58,63.14,58.5,0.13,100.0,0.0,"Rain, Partially cloudy"
2023-05-09,41.72,66.2,54.68,54.5,0.0,0.0,0.0,Clear
2023-05-10,35.42,72.5,54.32,59.5,0.0,0.0,0.0,Clear
2023-05-11,41.36,80.06,60.44,60.0,0.0,0.0,0.0,Clear
2023-05-12,49.64,83.66,67.28,58.3,0.0,0.0,0.0,Clear
2023-05-13,57.56,79.52,68.36,51.7,0.0,0.0,0.0,Clear
2023-05-14,44.78,67.64,57.74,48.0,0.0,0.0,0.0,Clear
2023-05-15,36.68,73.94,56.84,52.9,0.0,0.0,0.0,Clear
2023-05-16,48.56,78.98,63.5,42.7,0.0,0.0,0.0,Clear
2023-05-17,40.28,60.26,53.6,46.7,0.0,0.0,0.0,Clear
2023-05-18,30.02,63.68,48.2,55.7,0.0,0.0,0.0,Clear
2023-05-19,41.18,69.08,56.12,68.4,0.0,0.0,0.0,Partially cloudy
2023-05-20,45.14,64.94,57.74,91.0,0.49,100.0,0.0,"Rain, Partially cloudy"
2023-05-21,49.1,69.8,60.44,71.6,0.01,0.0,0.0,Partially cloudy
2023-05-22,44.42,75.2,61.16,71.0,0.0,0.0,0.0,Partially cloudy
2023-05-23,48.74,72.68,60.8,66.9,0.0,0.0,0.0,Clear
2023-05-24,46.04,78.44,59.54,67.2,0.01,0.0,0.0,Partially cloudy
2023-05-25,41.72,65.66,54.32,59.9,0.0,0.0,0.0,Partially cloudy
2023-05-26,39.2,71.42,56.66,59.8,0.0,0.0,0.0,Clear
2023-05-27,39.74,78.44,60.44,59.7,0.0,0.0,0.0,Clear
2023-05-28,47.3,83.48,66.56,55.8,0.0,0.0,0.0,Clear
2023-05-29,50.36,81.5,66.38,57.4,0.0,0.0,0.0,Clear
2023-05-30,46.04,75.2,60.98,57.6,0.0,0.0,0.0,Clear
2023-05-31,43.7,82.58,63.14,56.7,0.0,0.0,0.0,Clear
2023-06-01,48.2,88.52,68.9,60.9,0.0,0.0,0.0,Clear
2023-06-02,55.58,94.28,72.86,65.0,0.0,0.0,0.0,Clear
2023-06-03,54.14,68.18,63.32,76.0,0.0,0.0,0.0,Partially cloudy
2023-06-04,41.36,65.66,56.3,63.3,0.0,0.0,0.0,Partially cloudy
2023-06-05,46.4,74.66,62.06,57.0,0.0,0.0,0.0,Partially cloudy
2023-06-06,48.02,71.6,58.82,71.0,0.06,100.0,0.0,"Rain, Partially cloudy"
2023-06-07,44.6,66.92,57.38,66.1,0.0,0.0,0.0,Partially cloudy
2023-06-08,44.78,66.02,56.3,70.4,0.0,0.0,0.0,Partially cloudy
2023-06-09,47.66,69.98,57.92,74.6,0.05,100.0,0.0,"Rain, Partially cloudy"
2023-06-10,50.0,76.82,62.24,68.7,0.0,0.0,0.0,Partially cloudy
2023-06-11,51.08,84.74,68.36,63.2,0.0,0.0,0.0,Partially cloudy
2023-06-12,64.4,78.8,71.24,70.8,0.1,100.0,0.0,"Rain, Partially cloudy"
2023-06-13,60.08,75.02,66.92,74.2,0.04,100.0,0.0,"Rain, Partially cloudy"
2023-06-14,49.64,72.86,61.34,80.0,0.61,100.0,0.0,"Rain, Partially cloudy"
2023-06-15,59.0,77.18,67.82,63.4,0.0,0.0,0.0,Partially cloudy
2023-06-16,53.96,73.58,62.96,83.6,0.22,100.0,0.0,"Rain, Partially cloudy"
2023-06-17,58.28,75.02,64.04,76.5,0.22,100.0,0.0,"Rain, Partially cloudy"
2023-06-18,54.68,78.8,67.82,66.9,0.0,0.0,0.0,Partially cloudy
2023-06-19,54.14,80.6,68.72,67.0,0.0,0.0,0.0,Partially cloudy
2023-06-20,60.62,78.08,68.36,73.8,0.16,100.0,0.0,"Rain, Partially cloudy"
2023-06-21,55.4,76.28,66.56,65.0,0.0,0.0,0.0,Partially cloudy
2023-06-22,56.3,75.74,66.02,69.9,0.0,0.0,0.0,Partially cloudy
2023-06-23,62.06,73.58,68.54,84.7,0.04,100.0,0.0,"Rain, Partially cloudy"
2023-06-24,68.36,80.06,72.32,86.8,0.26,100.0,0.0,"Rain, Partially cloudy"
2023-06-25,66.2,84.38,74.12,80.4,0.0,0.0,0.0,Partially cloudy
2023-06-26,66.02,75.02,69.8,91.5,1.7,100.0,0.0,"Rain, Partially cloudy"
2023-06-27,64.4,77.18,68.54,88.7,0.76,100.0,0.0,"Rain, Partially cloudy"
2023-06-28,62.96,77.36,69.44,84.6,0.14,100.0,0.0,"Rain, Partially cloudy"
2023-06-29,58.82,80.6,69.8,74.3,0.0,0.0,0.0,Partially cloudy
2023-06-30,57.74,82.94,71.06,73.1,0.0,0.0,0.0,Clear
2023-07-01,60.44,81.14,71.96,69.2,0.0,0.0,0.0,Partially cloudy
2023-07-02,65.66,84.02,74.12,81.7,0.85,100.0,0.0,"Rain, Partially cloudy"
2023-07-03,69.62,84.56,75.92,83.2,0.51,100.0,0.0,"Rain, Partially cloudy"
2023-07-04,70.34,84.02,76.1,83.6,0.1,100.0,0.0,"Rain, Partially cloudy"
2023-07-05,65.66,89.42,78.08,73.3,0.0,0.0,0.0,Clear
2023-07-06,68.18,90.68,78.8,73.5,0.0,0.0,0.0,Clear
2023-07-07,67.82,86.18,77.54,78.4,0.0,0.0,0.0,Partially cloudy
2023-07-08,71.42,85.28,77.72,77.4,0.0,0.0,0.0,Partially cloudy
2023-07-09,68.0,79.7,72.5,90.2,2.24,100.0,0.0,"Rain, Partially cloudy"
2023-07-10,63.68,80.6,72.86,77.4,1.03,100.0,0.0,"Rain, Partially cloudy"
2023-07-11,61.7,86.36,74.12,68.2,0.0,0.0,0.0,Clear
2023-07-12,64.04,87.98,75.74,73.5,0.0,0.0,0.0,Clear
2023-07-13,67.1,88.52,78.26,73.0,0.0,0.0,0.0,Clear
2023-07-14,68.18,81.5,73.58,85.0,0.42,100.0,0.0,"Rain, Partially cloudy"
2023-07-15,67.82,87.44,77.0,80.7,0.04,100.0,0.0,"Rain, Partially cloudy"
2023-07-16,72.68,78.8,76.28,88.8,1.36,100.0,0.0,"Rain, Partially cloudy"
2023-07-17,69.98,86.18,77.0,76.6,0.0,0.0,0.0,Partially cloudy
2023-07-18,67.64,83.66,74.3,81.5,0.23,100.0,0.0,"Rain, Partially cloudy"
2023-07-19,64.04,81.14,71.96,80.9,0.0,0.0,0.0,Partially cloudy
2023-07-20,62.6,85.1,74.3,70.8,0.02,100.0,0.0,"Rain, Partially cloudy"
2023-07-21,68.18,82.58,74.48,73.4,0.03,100.0,0.0,"Rain, Partially cloudy"
2023-07-22,61.16,82.76,72.14,66.8,0.0,0.0,0.0,Clear
2023-07-23,56.3,82.94,70.88,71.0,0.0,0.0,0.0,Clear
2023-07-24,63.14,83.66,73.94,73.0,0.26,100.0,0.0,"Rain, Partially cloudy"
2023-07-25,66.02,84.02,71.78,83.0,0.24,100.0,0.0,"Rain, Partially cloudy"
2023-07-26,62.06,85.46,73.04,78.7,0.0,0.0,0.0,Partially cloudy
2023-07-27,68.36,90.14,76.64,81.0,0.56,100.0,0.0,"Rain, Partially cloudy"
2023-07-28,68.36,89.42,78.44,76.9,0.0,0.0,0.0,Partially cloudy
2023-07-29,64.94,88.52,76.82,81.2,0.6,100.0,0.0,"Rain, Partially cloudy"
2023-07-30,58.28,77.72,67.82,66.5,0.0,0.0,0.0,Clear
2023-07-31,53.6,79.52,67.28,70.2,0.0,0.0,0.0,Partially cloudy
2023-08-01,55.76,75.56,66.56,66.8,0.0,0.0,0.0,Partially cloudy
2023-08-02,50.36,77.18,64.04,69.6,0.0,0.0,0.0,Clear
2023-08-03,54.5,77.72,66.92,73.8,0.0,0.0,0.0,Partially cloudy
2023-08-04,65.66,75.56,70.34,77.3,0.23,100.0,0.0,"Rain, Partially cloudy"
2023-08-05,58.46,81.5,69.98,78.1,0.0,0.0,0.0,Partially cloudy
2023-08-06,57.02,82.4,71.06,73.0,0.0,0.0,0.0,Clear
2023-08-07,67.28,77.72,72.68,84.9,0.84,100.0,0.0,"Rain, Overcast"
2023-08-08,69.44,77.72,72.68,76.4,0.01,0.0,0.0,Overcast
2023-08-09,68.18,84.02,74.66,61.1,0.01,100.0,0.0,"Rain, Partially cloudy"
2023-08-10,60.8,75.2,68.9,84.8,0.1,100.0,0.0,"Rain, Partially cloudy"
2023-08-11,60.08,82.04,70.52,73.0,0.0,0.0,0.0,Clear
2023-08-12,56.66,83.12,69.62,79.1,0.63,100.0,0.0,"Rain, Partially cloudy"
2023-08-13,65.3,85.1,73.76,77.7,0.3,100.0,0.0,"Rain, Partially cloudy"
2023-08-14,61.52,81.14,71.42,80.0,0.01,0.0,0.0,Clear
2023-08-15,67.28,72.5,69.44,91.4,1.12,100.0,0.0,"Rain, Overcast"
2023-08-16,68.72,80.06,72.14,85.0,0.07,100.0,0.0,"Rain, Partially cloudy"
2023-08-17,67.1,78.44,72.14,84.1,0.0,0.0,0.0,Partially cloudy
2023-08-18,64.04,78.62,71.6,70.1,0.36,100.0,0.0,"Rain, Partially cloudy"
2023-08-19,57.38,77.36,66.74,63.8,0.0,0.0,0.0,Clear
2023-08-20,53.6,82.04,68.0,73.9,0.0,0.0,0.0,Clear
2023-08-21,62.6,84.74,73.94,76.2,0.0,0.0,0.0,Partially cloudy
2023-08-22,59.18,77.18,68.54,62.8,0.0,0.0,0.0,Clear
2023-08-23,53.42,76.46,64.94,72.7,0.0,0.0,0.0,Clear
2023-08-24,63.5,69.08,65.66,86.9,0.12,100.0,0.0,"Rain, Partially cloudy"
2023-08-25,65.3,80.06,71.78,88.9,0.38,100.0,0.0,"Rain, Overcast"
2023-08-26,69.8,83.66,75.38,75.4,0.0,0.0,0.0,Partially cloudy
2023-08-27,60.44,78.44,69.26,78.7,0.0,0.0,0.0,Partially cloudy
2023-08-28,59.36,76.82,68.36,82.4,0.0,0.0,0.0,Partially cloudy
2023-08-29,63.86,80.42,71.6,79.8,0.0,0.0,0.0,Partially cloudy
2023-08-30,66.74,81.68,73.4,72.7,0.21,100.0,0.0,"Rain, Partially cloudy"
2023-08-31,53.6,73.76,64.58,64.7,0.0,0.0,0.0,Clear
2023-09-01,48.02,74.3,61.16,74.9,0.0,0.0,0.0,Clear
2023-09-02,51.62,79.52,65.84,74.7,0.0,0.0,0.0,Clear
2023-09-03,61.52,86.72,73.4,75.0,0.0,0.0,0.0,Clear
2023-09-04,64.76,87.08,75.2,81.3,0.01,0.0,0.0,Clear
2023-09-05,67.46,88.34,76.82,82.1,0.0,0.0,0.0,Partially cloudy
2023-09-06,67.64,90.14,77.72,79.8,0.0,0.0,0.0,Partially cloudy
2023-09-07,67.46,91.94,77.54,77.6,0.39,100.0,0.0,Rain
2023-09-08,66.2,84.2,71.96,87.8,0.46,100.0,0.0,"Rain, Partially cloudy"
2023-09-09,66.56,82.94,72.5,86.5,0.31,100.0,0.0,"Rain, Partially cloudy"
2023-09-10,66.56,75.2,70.7,89.9,0.54,100.0,0.0,"Rain, Partially cloudy"
2023-09-11,67.64,81.14,72.5,86.4,0.13,100.0,0.0,"Rain, Partially cloudy"
2023-09-12,64.94,80.6,70.16,82.0,0.0,0.0,0.0,Partially cloudy
2023-09-13,64.04,77.0,69.08,86.6,0.33,100.0,0.0,"Rain, Partially cloudy"
2023-09-14,56.66,75.02,65.12,69.8,0.0,0.0,0.0,Partially cloudy
2023-09-15,49.82,66.92,57.92,72.7,0.0,0.0,0.0,Clear
2023-09-16,54.68,74.66,62.78,62.2,0.0,0.0,0.0,Clear
2023-09-17,44.96,73.04,60.44,78.3,0.03,100.0,0.0,"Rain, Partially cloudy"
2023-09-18,58.1,65.84,62.42,95.0,1.71,100.0,0.0,"Rain, Overcast"
2023-09-19,52.52,70.7,61.16,77.3,0.0,0.0,0.0,Partially cloudy
2023-09-20,46.22,73.58,58.1,76.3,0.0,0.0,0.0,Clear
2023-09-21,43.52,70.52,56.3,77.8,0.0,0.0,0.0,Clear
2023-09-22,46.76,70.52,57.92,78.9,0.0,0.0,0.0,Clear
2023-09-23,53.06,57.74,55.4,87.9,0.21,100.0,0.0,"Rain, Partially cloudy"
2023-09-24,54.68,58.64,56.84,94.7,0.56,100.0,0.0,"Rain, Overcast"
2023-09-25,53.96,58.28,56.48,93.7,1.72,100.0,0.0,"Rain, Overcast"
2023-09-26,46.58,63.68,56.84,80.2,0.0,0.0,0.0,Partially cloudy
2023-09-27,41.0,68.36,52.7,79.8,0.0,0.0,0.0,Partially cloudy
2023-09-28,43.7,63.68,54.5,83.5,0.01,100.0,0.0,"Rain, Partially cloudy"
2023-09-29,53.6,57.56,56.3,93.5,1.13,100.0,0.0,"Rain, Overcast"
2023-09-30,54.32,64.22,58.28,91.3,0.13,100.0,0.0,"Rain, Partially cloudy"
2023-10-01,55.04,76.64,62.78,84.1,0.0,0.0,0.0,Partially cloudy
2023-10-02,52.52,77.0,62.78,79.1,0.0,0.0,0.0,Clear
2023-10-03,49.46,81.5,62.96,85.3,0.0,0.0,0.0,Partially cloudy
2023-10-04,57.02,83.66,67.1,86.4,0.0,0.0,0.0,Partially cloudy
2023-10-05,53.96,77.36,65.12,80.4,0.0,0.0,0.0,Clear
2023-10-06,60.44,71.06,66.38,89.6,0.03,100.0,0.0,"Rain, Partially cloudy"
2023-10-07,51.98,68.36,61.88,89.5,0.69,100.0,0.0,"Rain, Overcast"
2023-10-08,46.58,60.44,52.7,69.7,0.03,100.0,0.0,"Rain, Partially cloudy"
2023-10-09,40.64,58.46,49.64,70.1,0.0,0.0,0.0,Partially cloudy
2023-10-10,42.62,62.78,50.18,79.5,0.0,0.0,0.0,Partially cloudy
2023-10-11,46.76,67.28,53.96,76.6,0.0,0.0,0.0,Partially cloudy
2023-10-12,40.82,68.72,54.14,75.7,0.0,0.0,0.0,Partially cloudy
2023-10-13,39.02,61.7,50.9,72.7,0.0,0.0,0.0,Clear
2023-10-14,46.4,51.62,48.74,89.8,0.31,100.0,0.0,"Rain, Partially cloudy"
2023-10-15,43.16,59.36,51.26,74.0,0.0,0.0,0.0,Partially cloudy
2023-10-16,41.36,62.42,50.9,79.3,0.02,0.0,0.0,Partially cloudy
2023-10-17,46.94,61.16,52.52,81.2,0.0,0.0,0.0,Partially cloudy
2023-10-18,48.2,61.52,53.6,84.0,0.0,0.0,0.0,Overcast
2023-10-19,41.72,62.6,52.34,78.8,0.0,0.0,0.0,Partially cloudy
2023-10-20,51.62,63.68,57.92,90.8,0.56,100.0,0.0,"Rain, Overcast"
2023-10-21,55.76,60.44,57.2,82.7,0.55,100.0,0.0,"Rain, Overcast"
2023-10-22,45.68,54.68,50.72,63.2,0.0,0.0,0.0,Partially cloudy
2023-10-23,39.2,59.36,48.38,68.2,0.0,0.0,0.0,Partially cloudy
2023-10-24,33.8,64.22,46.4,79.3,0.0,0.0,0.0,Clear
2023-10-25,40.28,74.66,56.48,69.5,0.0,0.0,0.0,Clear
2023-10-26,49.28,79.7,62.42,71.0,0.0,0.0,0.0,Clear
2023-10-27,55.94,77.36,63.68,70.0,0.0,0.0,0.0,Clear
2023-10-28,53.06,78.62,65.84,70.5,0.0,0.0,0.0,Partially cloudy
2023-10-29,44.6,56.12,49.28,83.2,0.74,100.0,0.0,"Rain, Overcast"
2023-10-30,44.6,52.34,48.38,90.5,0.39,100.0,0.0,"Rain, Overcast"
2023-10-31,34.7,48.56,43.7,69.6,0.0,0.0,0.0,Partially cloudy
2023-11-01,33.62,45.68,40.82,67.8,0.01,0.0,0.0,Partially cloudy
2023-11-02,26.96,48.2,35.78,69.8,0.0,0.0,0.0,Clear
2023-11-03,29.3,56.3,41.9,65.6,0.0,0.0,0.0,Partially cloudy
2023-11-04,35.42,58.46,45.32,71.1,0.0,0.0,0.0,Clear
2023-11-05,38.84,60.98,48.38,75.0,0.01,0.0,0.0,Partially cloudy
2023-11-06,30.2,52.7,42.8,71.1,0.02,100.0,0.0,Rain
2023-11-07,46.76,66.02,54.86,73.3,0.03,100.0,0.0,"Rain, Partially cloudy"
2023-11-08,36.68,49.64,41.9,51.3,0.0,0.0,0.0,Partially cloudy
2023-11-09,34.52,52.7,41.72,68.2,0.0,0.0,0.0,Partially cloudy
2023-11-10,32.72,51.44,43.52,66.1,0.0,0.0,0.0,Partially cloudy
2023-11-11,28.94,50.18,40.1,70.7,0.0,0.0,0.0,Partially cloudy
2023-11-12,26.06,43.7,33.26,73.2,0.0,0.0,0.0,Partially cloudy
2023-11-13,20.66,46.22,32.72,73.5,0.0,0.0,0.0,Partially cloudy
2023-11-14,28.04,51.62,38.84,71.4,0.0,0.0,0.0,Partially cloudy
2023-11-15,23.72,53.42,37.76,73.4,0.0,0.0,0.0,Clear
2023-11-16,29.48,63.5,42.98,71.7,0.0,0.0,0.0,Clear
2023-11-17,31.1,64.4,48.92,75.1,0.01,0.0,0.0,Partially cloudy
2023-11-18,30.02,52.7,45.5,69.5,0.06,100.0,0.0,"Rain, Partially cloudy"
2023-11-19,25.7,51.44,39.02,63.8,0.0,0.0,0.0,Partially cloudy
2023-11-20,25.52,42.8,32.54,59.5,0.0,0.0,0.0,Clear
2023-11-21,19.76,41.36,31.1,76.6,0.43,100.0,0.0,"Snow, Rain, Partially cloudy"
2023-11-22,39.92,47.12,42.98,89.5,0.56,100.0,0.0,"Rain, Overcast"
2023-11-23,37.04,50.36,44.24,69.7,0.0,0.0,0.0,Partially cloudy
2023-11-24,26.96,46.58,39.74,55.6,0.0,0.0,0.0,Partially cloudy
2023-11-25,20.12,38.66,28.04,68.2,0.0,0.0,0.0,Clear
2023-11-26,22.64,45.86,34.16,80.4,0.19,100.0,0.0,"Rain, Partially cloudy"
2023-11-27,34.7,49.1,42.08,74.0,0.49,100.0,0.0,"Rain, Partially cloudy"
2023-11-28,29.3,36.5,32.18,51.6,0.0,0.0,0.03,Partially cloudy
2023-11-29,23.18,33.8,29.48,55.1,0.0,0.0,0.0,Partially cloudy
2023-11-30,26.6,49.1,35.24,55.3,0.0,0.0,0.0,Clear
2023-12-01,24.98,46.94,36.68,82.7,0.13,100.0,0.0,"Rain, Partially cloudy"
2023-12-02,38.66,50.36,42.8,94.6,0.0,0.0,0.0,Partially cloudy
2023-12-03,39.2,46.04,43.7,96.2,0.64,100.0,0.0,"Rain, Overcast"
2023-12-04,38.3,49.28,43.34,76.5,0.0,0.0,0.0,Partially cloudy
2023-12-05,29.3,41.18,36.86,67.0,0.0,0.0,0.0,Partially cloudy
2023-12-06,29.12,37.22,32.9,78.1,0.01,0.0,0.05,Partially cloudy
2023-12-07,24.26,34.7,30.2,77.3,0.0,0.0,0.03,Partially cloudy
2023-12-08,27.32,48.56,37.22,76.7,0.0,0.0,0.0,Partially cloudy
2023-12-09,28.22,51.62,38.12,88.3,0.0,0.0,0.0,Partially cloudy
2023-12-10,34.7,56.84,47.3,93.3,1.12,100.0,0.0,"Rain, Overcast"
2023-12-11,33.62,43.34,38.84,74.2,0.68,100.0,0.03,"Rain, Overcast"
2023-12-12,27.5,42.44,35.24,61.3,0.0,0.0,0.0,Partially cloudy
2023-12-13,27.5,42.98,34.34,59.7,0.0,0.0,0.0,Clear
2023-12-14,23.36,39.2,31.1,59.1,0.0,0.0,0.0,Clear
2023-12-15,26.96,56.48,39.74,59.8,0.0,0.0,0.0,Clear
2023-12-16,28.04,53.42,38.84,73.1,0.0,0.0,0.0,Clear
2023-12-17,40.28,50.18,45.68,87.1,0.25,100.0,0.0,"Rain, Overcast"
2023-12-18,39.74,62.42,51.44,84.4,2.32,100.0,0.0,"Rain, Partially cloudy"
2023-12-19,29.3,39.74,35.42,64.8,0.0,0.0,0.01,Partially cloudy
2023-12-20,22.28,41.36,30.74,70.7,0.0,0.0,0.0,Clear
2023-12-21,21.92,37.22,31.1,59.6,0.0,0.0,0.0,Clear
2023-12-22,17.96,32.36,23.72,67.6,0.0,0.0,0.0,Clear
2023-12-23,18.68,36.14,27.5,79.7,0.0,0.0,0.0,Partially cloudy
2023-12-24,30.56,41.72,36.14,87.3,0.0,0.0,0.0,Overcast
2023-12-25,31.64,52.52,40.28,85.5,0.0,0.0,0.0,Partially cloudy
2023-12-26,32.36,44.42,40.28,94.8,0.0,0.0,0.0,Overcast
2023-12-27,41.36,48.2,44.24,95.3,0.27,100.0,0.0,"Rain, Overcast"
2023-12-28,45.68,49.64,47.48,94.3,1.16,100.0,0.0,"Rain, Overcast"
2023-12-29,43.7,50.9,46.76,88.2,0.04,100.0,0.0,"Rain, Overcast"
2023-12-30,35.78,44.6,41.0,76.8,0.01,0.0,0.0,Overcast
2023-12-31,33.62,39.56,37.04,65.3,0.0,0.0,0.0,Overcast
2024-01-01,27.68,41.36,34.16,78.8,0.0,0.0,0.0,Partially cloudy
2024-01-02,19.4,40.28,28.4,73.6,0.0,0.0,0.0,Clear
2024-01-03,22.82,38.3,31.64,74.9,0.0,0.0,0.0,Partially cloudy
2024-01-04,23.72,42.44,34.16,62.6,0.0,0.0,0.0,Partially cloudy
2024-01-05,18.68,36.5,25.88,65.8,0.0,0.0,0.0,Partially cloudy
2024-01-06,17.6,32.36,25.88,80.8,0.25,100.0,0.63,"Snow, Rain, Partially cloudy"
2024-01-07,26.24,33.26,30.92,89.2,0.34,100.0,0.57,"Snow, Rain, Overcast"
2024-01-08,18.68,39.2,30.38,76.2,0.0,0.0,0.0,Partially cloudy
2024-01-09,16.34,48.02,30.02,89.0,1.0,100.0,0.03,"Snow, Rain, Partially cloudy"
2024-01-10,41.18,54.14,46.22,68.0,0.59,100.0,0.0,"Rain, Overcast"
2024-01-11,35.42,42.44,40.1,59.5,0.0,0.0,0.0,Overcast
2024-01-12,28.4,48.02,39.02,67.8,0.0,0.0,0.0,Partially cloudy
2024-01-13,33.98,56.66,45.5,69.8,0.28,100.0,0.0,"Rain, Overcast"
2024-01-14,23.36,37.04,31.46,47.1,0.0,0.0,0.08,Partially cloudy
2024-01-15,17.78,27.68,23.36,46.6,0.0,0.0,0.0,Partially cloudy
2024-01-16,19.4,25.16,23.18,82.2,0.14,100.0,0.26,"Snow, Partially cloudy"
2024-01-17,12.74,22.28,17.6,52.0,0.0,0.0,0.0,Clear
2024-01-18,13.46,26.06,19.94,63.2,0.0,0.0,0.0,Partially cloudy
2024-01-19,17.42,25.52,22.28,80.6,0.04,100.0,0.11,"Snow, Partially cloudy"
2024-01-20,12.02,21.2,17.06,58.2,0.0,0.0,0.02,Partially cloudy
2024-01-21,7.52,27.68,17.42,59.2,0.0,0.0,0.0,Clear
2024-01-22,6.8,35.06,23.0,60.6,0.0,0.0,0.0,Partially cloudy
2024-01-23,32.36,37.22,34.16,71.0,0.08,100.0,0.0,"Snow, Rain, Partially cloudy"
2024-01-24,32.72,36.5,34.7,95.6,0.5,100.0,0.03,"Snow, Rain, Overcast"
2024-01-25,35.6,51.8,43.88,92.4,0.2,100.0,0.0,"Rain, Partially cloudy"
2024-01-26,38.66,42.8,41.0,93.9,0.43,100.0,0.0,"Rain, Overcast"
2024-01-27,37.22,43.7,40.46,86.6,0.0,0.0,0.0,Overcast
2024-01-28,32.9,39.56,35.96,93.0,0.91,100.0,0.35,"Snow, Rain, Overcast"
2024-01-29,32.36,35.6,34.34,80.6,0.0,0.0,0.1,Overcast
2024-01-30,30.56,34.7,32.72,71.8,0.0,0.0,0.0,Overcast
2024-01-31,31.64,35.6,33.98,82.9,0.0,0.0,0.01,Overcast
2024-02-01,27.32,41.36,36.32,81.3,0.0,0.0,0.0,Partially cloudy
2024-02-02,34.16,41.36,38.12,80.5,0.07,100.0,0.0,"Rain, Overcast"
2024-02-03,28.76,39.92,33.8,60.0,0.0,0.0,0.0,Partially cloudy
2024-02-04,23.36,42.8,31.1,61.4,0.0,0.0,0.0,Clear
2024-02-05,23.36,39.92,31.28,53.1,0.0,0.0,0.0,Clear
2024-02-06,22.82,39.56,30.02,55.7,0.0,0.0,0.0,Clear
2024-02-07,20.12,44.96,31.82,66.4,0.0,0.0,0.0,Clear
2024-02-08,24.98,51.8,36.86,61.9,0.0,0.0,0.0,Clear
2024-02-09,34.7,53.96,43.52,67.1,0.0,0.0,0.0,Partially cloudy
2024-02-10,28.94,57.2,43.16,81.6,0.04,100.0,0.0,Rain
2024-02-11,28.94,46.4,40.1,74.2,0.0,0.0,0.0,Clear
2024-02-12,23.36,39.2,31.28,79.8,0.0,0.0,0.0,Partially cloudy
2024-02-13,25.52,38.3,32.18,79.4,0.33,100.0,0.26,"Snow, Rain, Partially cloudy"
2024-02-14,24.44,33.44,28.94,46.7,0.0,0.0,0.02,Clear
2024-02-15,17.42,35.6,28.4,53.1,0.01,0.0,0.01,Partially cloudy
2024-02-16,27.14,37.4,33.8,51.3,0.0,0.0,0.06,Partially cloudy
2024-02-17,22.1,33.08,28.22,69.2,0.09,100.0,0.08,"Snow, Rain, Partially cloudy"
2024-02-18,15.62,35.78,27.14,53.3,0.0,0.0,0.0,Partially cloudy
2024-02-19,23.18,36.68,30.74,43.7,0.0,0.0,0.0,Clear
2024-02-20,11.3,36.14,24.08,58.7,0.0,0.0,0.0,Clear
2024-02-21,13.82,37.4,26.42,70.8,0.0,0.0,0.0,Partially cloudy
2024-02-22,24.08,43.7,34.34,77.5,0.1,100.0,0.0,"Snow, Rain, Partially cloudy"
2024-02-23,31.28,46.94,38.84,89.2,0.21,100.0,0.06,"Rain, Partially cloudy"
2024-02-24,23.36,37.4,31.82,57.5,0.0,0.0,0.0,Partially cloudy
2024-02-25,14.36,39.2,26.78,49.8,0.0,0.0,0.0,Clear
2024-02-26,28.04,58.1,40.82,59.4,0.0,0.0,0.0,Partially cloudy
2024-02-27,27.5,59.36,44.78,75.1,0.11,100.0,0.0,"Rain, Partially cloudy"
2024-02-28,41.18,58.28,53.6,87.1,0.53,100.0,0.0,"Rain, Overcast"
2024-02-29,27.5,37.04,31.28,40.4,0.0,0.0,0.0,Partially cloudy
2024-03-01,20.84,47.12,34.34,49.9,0.0,0.0,0.0,Clear
2024-03-02,36.14,45.32,41.0,88.4,0.53,100.0,0.0,"Rain, Overcast"
2024-03-03,41.36,62.78,50.54,80.3,0.0,0.0,0.0,Partially cloudy
2024-03-04,36.32,58.28,47.84,80.8,0.0,0.0,0.0,Partially cloudy
2024-03-05,43.52,46.76,44.96,90.2,0.34,100.0,0.0,"Rain, Overcast"
2024-03-06,44.6,52.7,48.56,90.3,1.21,100.0,0.0,"Rain, Overcast"
2024-03-07,42.44,50.18,46.76,80.1,0.26,100.0,0.0,"Rain, Partially cloudy"
2024-03-08,29.66,55.04,43.34,60.1,0.0,0.0,0.0,Clear
2024-03-09,38.66,42.44,40.1,79.8,0.99,100.0,0.0,"Rain, Partially cloudy"
2024-03-10,35.06,46.94,41.0,74.6,0.25,100.0,0.0,"Rain, Overcast"
2024-03-11,33.44,48.74,39.92,44.1,0.0,0.0,0.01,Partially cloudy
2024-03-12,31.28,62.42,46.94,44.9,0.0,0.0,0.0,Clear
2024-03-13,30.56,69.26,48.92,58.3,0.0,0.0,0.0,Clear
2024-03-14,35.42,71.06,54.14,52.3,0.0,0.0,0.0,Clear
2024-03-15,45.68,66.02,55.94,61.6,0.0,0.0,0.0,Partially cloudy
2024-03-16,33.8,58.64,46.94,64.1,0.0,0.0,0.0,Partially cloudy
2024-03-17,39.92,54.68,48.56,55.7,0.01,0.0,0.0,Partially cloudy
2024-03-18,33.8,46.58,39.56,53.9,0.0,0.0,0.0,Partially cloudy
2024-03-19,31.28,42.8,37.76,46.9,0.0,0.0,0.0,Partially cloudy
2024-03-20,31.28,44.78,37.22,72.1,0.06,100.0,0.0,"Rain, Partially cloudy"
2024-03-21,27.5,37.4,31.1,40.7,0.0,0.0,0.0,Partially cloudy
2024-03-22,19.76,39.92,30.74,45.4,0.0,0.0,0.0,Partially cloudy
2024-03-23,32.36,37.4,34.7,84.2,2.14,100.0,0.06,"Snow, Rain, Overcast"
2024-03-24,24.8,42.44,33.26,55.6,0.0,0.0,0.0,Clear
2024-03-25,25.16,52.52,38.3,54.2,0.0,0.0,0.0,Clear
2024-03-26,33.44,55.4,43.7,55.4,0.0,0.0,0.0,Partially cloudy
2024-03-27,41.0,49.1,44.24,82.2,0.26,100.0,0.0,"Rain, Overcast"
2024-03-28,42.44,47.66,45.68,83.6,0.21,100.0,0.0,"Rain, Overcast"
2024-03-29,37.4,53.06,43.7,45.1,0.0,0.0,0.0,Clear
2024-03-30,38.3,58.1,46.94,42.5,0.0,0.0,0.0,Partially cloudy
2024-03-31,36.32,59.72,49.1,49.2,0.0,0.0,0.0,Partially cloudy
2024-04-01,37.4,53.06,44.78,69.2,0.0,0.0,0.0,Partially cloudy
2024-04-02,38.12,44.78,42.44,81.7,0.48,100.0,0.0,"Rain, Partially cloudy"
2024-04-03,38.3,42.44,40.28,86.3,1.11,100.0,0.0,"Rain, Overcast"
2024-04-04,33.26,42.8,37.76,79.8,0.38,100.0,0.27,"Snow, Rain, Overcast"
2024-04-05,32.0,45.14,39.56,66.6,0.0,0.0,0.0,Partially cloudy
2024-04-06,38.12,50.0,43.34,60.2,0.0,0.0,0.0,Partially cloudy
2024-04-07,38.66,57.02,46.76,52.6,0.0,0.0,0.0,Partially cloudy
2024-04-08,28.76,63.5,48.2,51.2,0.0,0.0,0.0,Clear
2024-04-09,41.72,75.2,60.26,45.9,0.0,0.0,0.0,Clear
2024-04-10,49.82,59.0,55.22,68.4,0.04,100.0,0.0,"Rain, Partially cloudy"
2024-04-11,51.8,62.06,55.58,88.0,0.19,100.0,0.0,"Rain, Overcast"
2024-04-12,53.78,64.58,60.44,78.3,0.59,100.0,0.0,"Rain, Overcast"
2024-04-13,46.04,52.7,48.2,65.6,0.04,100.0,0.0,"Rain, Partially cloudy"
2024-04-14,40.82,66.38,51.98,62.6,0.09,100.0,0.0,"Rain, Partially cloudy"
2024-04-15,43.16,73.94,58.1,62.8,0.0,0.0,0.0,Partially cloudy
2024-04-16,39.2,69.44,54.68,50.3,0.0,0.0,0.0,Clear
2024-04-17,38.66,61.52,49.82,65.8,0.14,100.0,0.0,"Rain, Partially cloudy"
2024-04-18,44.6,46.94,45.5,84.4,0.15,100.0,0.0,"Rain, Overcast"
2024-04-19,44.42,58.28,50.18,70.1,0.0,0.0,0.0,Overcast
2024-04-20,45.14,64.04,52.88,66.4,0.12,100.0,0.0,"Rain, Partially cloudy"
2024-04-21,31.64,49.28,42.8,53.2,0.0,0.0,0.0,Partially cloudy
2024-04-22,29.66,59.72,45.5,51.5,0.0,0.0,0.0,Clear
2024-04-23,29.66,64.94,48.92,54.0,0.0,0.0,0.0,Clear
2024-04-24,46.4,65.3,54.5,52.0,0.0,0.0,0.0,Partially cloudy
2024-04-25,33.8,56.66,45.14,43.3,0.0,0.0,0.0,Clear
2024-04-26,29.66,62.6,47.48,50.1,0.0,0.0,0.0,Clear
2024-04-27,35.06,62.42,50.0,50.0,0.0,0.0,0.0,Partially cloudy
2024-04-28,46.94,73.76,58.82,72.2,0.1,100.0,0.0,"Rain, Partially cloudy"
2024-04-29,55.58,80.06,67.46,72.5,0.0,0.0,0.0,Partially cloudy
2024-04-30,55.4,66.2,59.36,77.8,0.2,100.0,0.0,"Rain, Partially cloudy"
2024-05-01,55.4,77.18,63.68,72.7,0.01,0.0,0.0,Partially cloudy
2024-05-02,54.68,81.68,66.02,59.8,0.0,0.0,0.0,Partially cloudy
2024-05-03,47.12,65.66,57.92,66.0,0.0,0.0,0.0,Partially cloudy
2024-05-04,45.68,64.94,55.76,70.4,0.01,0.0,0.0,Partially cloudy
2024-05-05,48.2,50.72,49.46,91.3,0.73,100.0,0.0,"Rain, Overcast"
2024-05-06,50.72,72.68,60.08,85.1,0.0,0.0,0.0,Partially cloudy
2024-05-07,46.4,76.28,62.42,64.5,0.0,0.0,0.0,Clear
2024-05-08,52.52,85.28,68.18,64.3,0.23,100.0,0.0,"Rain, Partially cloudy"
2024-05-09,53.78,64.4,59.72,64.0,0.0,0.0,0.0,Partially cloudy
2024-05-10,47.3,54.5,51.8,83.0,0.37,100.0,0.0,"Rain, Partially cloudy"
2024-05-11,43.52,62.06,52.16,70.9,0.0,0.0,0.0,Partially cloudy
2024-05-12,46.76,54.5,50.54,80.3,0.06,100.0,0.0,"Rain, Overcast"
2024-05-13,42.26,66.38,54.86,74.9,0.0,0.0,0.0,Partially cloudy
2024-05-14,48.38,76.1,63.32,71.6,0.04,100.0,0.0,"Rain, Partially cloudy"
2024-05-15,58.64,67.28,61.88,88.7,0.49,100.0,0.0,"Rain, Overcast"
2024-05-16,56.66,62.6,60.62,88.1,0.11,100.0,0.0,"Rain, Overcast"
2024-05-17,52.34,71.96,62.6,78.5,0.0,0.0,0.0,Partially cloudy
2024-05-18,53.96,71.42,63.14,73.6,0.0,0.0,0.0,Partially cloudy
2024-05-19,58.64,75.56,66.02,70.1,0.0,0.0,0.0,Partially cloudy
2024-05-20,51.44,80.6,66.56,72.3,0.0,0.0,0.0,Clear
2024-05-21,56.3,86.72,71.6,68.5,0.0,0.0,0.0,Clear
2024-05-22,58.28,87.44,73.58,67.7,0.0,0.0,0.0,Clear
2024-05-23,61.7,79.7,70.7,78.9,0.16,100.0,0.0,"Rain, Partially cloudy"
2024-05-24,53.6,82.4,68.9,64.5,0.0,0.0,0.0,Clear
2024-05-25,51.44,80.42,67.1,64.0,0.0,0.0,0.0,Clear
2024-05-26,60.98,83.3,72.68,66.1,0.0,0.0,0.0,Partially cloudy
2024-05-27,68.72,77.36,70.88,83.8,0.23,100.0,0.0,"Rain, Overcast"
2024-05-28,60.62,78.62,68.9,72.1,0.01,100.0,0.0,"Rain, Partially cloudy"
2024-05-29,53.42,74.12,63.68,74.4,0.0,0.0,0.0,Partially cloudy
2024-05-30,53.06,69.62,60.98,68.6,0.31,100.0,0.0,"Rain, Partially cloudy"
2024-05-31,47.3,75.2,62.78,54.0,0.0,0.0,0.0,Clear
2024-06-01,46.22,81.68,64.94,55.9,0.0,0.0,0.0,Clear
2024-06-02,49.82,81.68,66.38,65.0,0.0,0.0,0.0,Clear
2024-06-03,60.62,84.2,71.96,63.2,0.0,0.0,0.0,Partially cloudy
2024-06-04,58.1,84.2,71.96,65.5,0.0,0.0,0.0,Partially cloudy
2024-06-05,55.76,81.68,70.52,74.7,0.0,0.0,0.0,Partially cloudy
2024-06-06,69.44,80.78,73.22,83.9,0.55,100.0,0.0,"Rain, Partially cloudy"
2024-06-07,58.82,77.72,68.72,74.7,0.39,100.0,0.0,"Rain, Partially cloudy"
2024-06-08,54.68,76.1,64.94,66.3,0.0,0.0,0.0,Partially cloudy
2024-06-09,56.66,72.68,61.88,76.7,0.11,100.0,0.0,"Rain, Partially cloudy"
2024-06-10,53.06,71.06,63.14,66.2,0.0,0.0,0.0,Partially cloudy
2024-06-11,50.72,69.26,61.52,72.0,0.0,0.0,0.0,Partially cloudy
2024-06-12,50.18,73.04,62.78,71.9,0.0,0.0,0.0,Partially cloudy
2024-06-13,50.36,86.18,69.26,64.8,0.0,0.0,0.0,Clear
2024-06-14,61.7,78.62,69.26,82.6,0.32,100.0,0.0,"Rain, Partially cloudy"
2024-06-15,56.3,79.34,68.0,62.7,0.0,0.0,0.0,Partially cloudy
2024-06-16,48.74,78.44,64.94,61.8,0.0,0.0,0.0,Clear
2024-06-17,56.48,87.44,72.86,69.0,0.0,0.0,0.0,Clear
2024-06-18,66.56,91.76,79.34,69.7,0.0,0.0,0.0,Clear
2024-06-19,69.26,93.02,80.96,63.6,0.0,0.0,0.0,Clear
2024-06-20,68.36,93.2,81.68,61.2,0.0,0.0,0.0,Clear
2024-06-21,69.62,89.42,77.54,78.1,0.59,100.0,0.0,"Rain, Partially cloudy"
2024-06-22,69.8,89.42,77.9,80.4,0.29,100.0,0.0,"Rain, Partially cloudy"
2024-06-23,70.7,89.06,78.26,80.4,0.48,100.0,0.0,"Rain, Partially cloudy"
2024-06-24,68.18,78.08,73.04,60.0,0.01,0.0,0.0,Partially cloudy
2024-06-25,57.02,87.08,73.94,55.9,0.0,0.0,0.0,Clear
2024-06-26,64.76,89.42,77.72,61.1,0.43,100.0,0.0,"Rain, Partially cloudy"
2024-06-27,64.4,80.06,71.42,67.1,0.1,100.0,0.0,"Rain, Partially cloudy"
2024-06-28,50.72,76.28,65.3,55.1,0.0,0.0,0.0,Clear
2024-06-29,62.78,79.7,70.7,71.1,0.05,100.0,0.0,"Rain, Partially cloudy"
2024-06-30,67.64,83.3,75.56,85.0,0.45,100.0,0.0,"Rain, Partially cloudy"
2024-07-01,58.64,77.72,68.18,66.5,0.0,0.0,0.0,Partially cloudy
2024-07-02,51.8,81.68,68.0,66.5,0.0,0.0,0.0,Clear
2024-07-03,58.64,83.3,71.24,62.2,0.0,0.0,0.0,Clear
2024-07-04,64.58,84.56,74.48,68.9,0.02,100.0,0.0,"Rain, Partially cloudy"
2024-07-05,70.7,87.8,78.62,82.0,0.24,100.0,0.0,"Rain, Partially cloudy"
2024-07-06,73.76,90.68,80.6,79.7,0.68,100.0,0.0,"Rain, Partially cloudy"
2024-07-07,69.98,89.06,79.7,71.2,0.0,0.0,0.0,Clear
2024-07-08,66.2,90.68,79.34,68.3,0.0,0.0,0.0,Clear
2024-07-09,70.7,93.56,82.22,72.5,0.0,0.0,0.0,Clear
2024-07-10,75.02,89.96,82.76,74.3,0.0,0.0,0.0,Partially cloudy
2024-07-11,74.3,83.3,78.62,70.1,0.02,100.0,0.0,"Rain, Partially cloudy"
2024-07-12,66.2,85.28,77.0,71.9,0.0,0.0,0.0,Partially cloudy
2024-07-13,73.4,89.6,79.88,73.3,0.02,100.0,0.0,"Rain, Partially cloudy"
2024-07-14,67.1,90.5,79.16,69.9,0.0,0.0,0.0,Clear
2024-07-15,72.14,90.14,80.78,72.8,0.11,100.0,0.0,"Rain, Partially cloudy"
2024-07-16,67.1,95.0,80.06,70.8,0.12,100.0,0.0,Rain
2024-07-17,68.36,90.5,76.82,79.1,1.03,100.0,0.0,"Rain, Partially cloudy"
2024-07-18,66.2,83.12,75.74,69.7,0.04,100.0,0.0,"Rain, Partially cloudy"
2024-07-19,57.2,81.5,69.98,66.5,0.0,0.0,0.0,Clear
2024-07-20,59.18,84.56,71.96,72.8,0.13,100.0,0.0,"Rain, Partially cloudy"
2024-07-21,67.46,84.56,76.28,68.2,0.01,0.0,0.0,Partially cloudy
2024-07-22,63.5,82.76,72.5,81.2,0.02,100.0,0.0,Rain
2024-07-23,68.36,75.2,71.42,89.3,0.12,100.0,0.0,"Rain, Partially cloudy"
2024-07-24,68.36,81.5,74.12,85.5,0.01,0.0,0.0,Partially cloudy
2024-07-25,63.5,81.14,74.48,70.7,0.0,0.0,0.0,Partially cloudy
2024-07-26,57.2,82.94,69.98,63.9,0.0,0.0,0.0,Clear
2024-07-27,55.04,84.02,70.16,68.7,0.0,0.0,0.0,Clear
2024-07-28,57.2,85.82,71.42,71.4,0.0,0.0,0.0,Clear
2024-07-29,66.2,84.02,73.4,78.9,0.05,100.0,0.0,"Rain, Partially cloudy"
2024-07-30,68.18,88.7,77.36,75.9,0.0,0.0,0.0,Partially cloudy
2024-07-31,73.04,83.48,77.9,79.6,0.25,100.0,0.0,"Rain, Partially cloudy"
2024-08-01,68.18,92.3,79.52,73.7,0.0,0.0,0.0,Clear
2024-08-02,69.08,88.52,75.38,85.7,0.23,100.0,0.0,"Rain, Partially cloudy"
2024-08-03,72.14,86.72,76.64,85.0,0.06,100.0,0.0,"Rain, Partially cloudy"
2024-08-04,70.7,82.4,75.92,84.7,0.26,100.0,0.0,"Rain, Partially cloudy"
2024-08-05,66.02,89.06,77.72,71.6,0.0,0.0,0.0,Clear
2024-08-06,69.44,80.06,74.66,82.1,0.31,100.0,0.0,"Rain, Partially cloudy"
2024-08-07,63.5,69.08,66.38,87.7,0.44,100.0,0.0,"Rain, Overcast"
2024-08-08,64.76,68.36,66.56,88.5,0.22,100.0,0.0,"Rain, Overcast"
2024-08-09,67.28,82.4,75.02,88.6,0.98,100.0,0.0,"Rain, Overcast"
2024-08-10,66.2,83.66,76.28,70.0,0.19,100.0,0.0,"Rain, Partially cloudy"
2024-08-11,58.46,80.42,70.16,66.8,0.0,0.0,0.0,Clear
2024-08-12,56.3,78.26,67.46,69.8,0.0,0.0,0.0,Partially cloudy
2024-08-13,55.76,80.42,67.46,72.0,0.0,0.0,0.0,Clear
2024-08-14,57.2,84.74,68.9,75.0,0.06,100.0,0.0,Rain
2024-08-15,57.02,84.02,69.44,78.4,0.04,100.0,0.0,Rain
2024-08-16,60.98,85.1,72.86,75.4,0.0,0.0,0.0,Clear
2024-08-17,68.18,79.7,72.5,78.7,0.0,0.0,0.0,Partially cloudy
2024-08-18,68.72,75.92,71.24,86.1,0.32,100.0,0.0,"Rain, Overcast"
2024-08-19,66.92,82.04,72.14,82.8,0.06,100.0,0.0,"Rain, Partially cloudy"
2024-08-20,56.3,69.44,63.86,60.4,0.0,0.0,0.0,Partially cloudy
2024-08-21,49.28,70.34,60.44,67.7,0.01,0.0,0.0,Clear
2024-08-22,50.72,74.48,62.6,71.0,0.0,0.0,0.0,Partially cloudy
2024-08-23,51.44,79.52,65.3,70.8,0.0,0.0,0.0,Clear
2024-08-24,54.14,82.04,67.82,72.4,0.0,0.0,0.0,Clear
2024-08-25,56.66,84.2,69.62,75.1,0.12,100.0,0.0,Rain
2024-08-26,59.72,84.2,69.8,79.3,0.01,0.0,0.0,Partially cloudy
2024-08-27,58.28,85.1,70.34,76.2,0.0,0.0,0.0,Clear
2024-08-28,66.2,88.7,77.9,71.5,0.0,0.0,0.0,Partially cloudy
2024-08-29,64.76,73.76,69.8,68.5,0.01,100.0,0.0,"Rain, Partially cloudy"
2024-08-30,62.42,73.4,67.1,76.9,0.36,100.0,0.0,"Rain, Overcast"
2024-08-31,64.58,76.28,69.8,80.1,0.01,0.0,0.0,Overcast
2024-09-01,68.18,81.14,73.94,82.4,0.02,100.0,0.0,"Rain, Partially cloudy"
2024-09-02,57.74,75.2,68.0,61.5,0.0,0.0,0.0,Partially cloudy
2024-09-03,45.68,72.68,59.54,65.7,0.0,0.0,0.0,Clear
2024-09-04,46.76,76.1,60.8,71.8,0.0,0.0,0.0,Clear
2024-09-05,47.48,77.18,61.7,69.3,0.0,0.0,0.0,Clear
2024-09-06,49.64,75.38,62.96,79.6,0.0,0.0,0.0,Partially cloudy
2024-09-07,55.4,72.5,62.78,89.0,0.25,100.0,0.0,"Rain, Partially cloudy"
2024-09-08,48.02,68.72,57.2,68.3,0.0,0.0,0.0,Clear
2024-09-09,43.52,73.4,58.28,71.6,0.0,0.0,0.0,Partially cloudy
2024-09-10,52.52,77.36,63.86,69.2,0.01,0.0,0.0,Partially cloudy
2024-09-11,44.6,78.08,59.72,69.9,0.0,0.0,0.0,Clear
2024-09-12,48.2,80.78,63.32,73.3,0.0,0.0,0.0,Clear
2024-09-13,53.06,82.58,66.56,76.7,0.0,0.0,0.0,Clear
2024-09-14,54.32,84.74,68.54,75.7,0.0,0.0,0.0,Clear
2024-09-15,55.58,80.42,67.82,74.2,0.0,0.0,0.0,Clear
2024-09-16,49.28,81.14,63.68,69.7,0.0,0.0,0.0,Clear
2024-09-17,49.82,79.7,62.6,78.3,0.0,0.0,0.0,Clear
2024-09-18,54.5,75.74,62.96,82.7,0.0,0.0,0.0,Clear
2024-09-19,51.44,83.48,65.66,78.3,0.0,0.0,0.0,Partially cloudy
2024-09-20,55.04,78.8,66.02,76.9,0.0,0.0,0.0,Partially cloudy
2024-09-21,53.42,74.3,63.86,75.7,0.0,0.0,0.0,Clear
2024-09-22,50.0,74.48,62.6,70.2,0.0,0.0,0.0,Partially cloudy
2024-09-23,53.42,64.04,60.08,71.8,0.02,0.0,0.0,Partially cloudy
2024-09-24,50.72,66.02,58.82,74.7,0.0,0.0,0.0,Partially cloudy
2024-09-25,55.76,63.68,59.72,80.5,0.04,100.0,0.0,"Rain, Overcast"
2024-09-26,58.64,68.72,63.68,93.9,0.21,100.0,0.0,"Rain, Overcast"
2024-09-27,61.7,75.38,66.92,77.8,0.01,0.0,0.0,Partially cloudy
2024-09-28,61.52,74.3,65.48,81.1,0.08,100.0,0.0,"Rain, Overcast"
2024-09-29,59.72,63.5,61.16,89.6,0.11,100.0,0.0,"Rain, Overcast"
2024-09-30,56.3,73.94,63.14,81.6,0.0,0.0,0.0,Partially cloudy
2024-10-01,50.36,71.6,60.26,78.9,0.0,0.0,0.0,Partially cloudy
2024-10-02,54.32,66.74,60.98,72.8,0.0,0.0,0.0,Partially cloudy
2024-10-03,54.68,73.04,63.5,74.7,0.0,0.0,0.0,Partially cloudy
2024-10-04,48.2,75.02,60.8,79.8,0.0,0.0,0.0,Clear
2024-10-05,49.1,73.94,62.78,70.7,0.0,0.0,0.0,Partially cloudy
2024-10-06,39.2,72.14,56.3,71.9,0.0,0.0,0.0,Clear
2024-10-07,49.82,72.68,63.14,66.8,0.0,0.0,0.0,Partially cloudy
2024-10-08,39.92,67.82,53.06,68.4,0.0,0.0,0.0,Clear
2024-10-09,42.44,66.38,53.42,64.9,0.01,0.0,0.0,Partially cloudy
2024-10-10,40.28,60.98,49.82,62.7,0.0,0.0,0.0,Clear
2024-10-11,33.62,68.72,50.54,65.0,0.0,0.0,0.0,Clear
2024-10-12,42.8,73.04,59.36,48.0,0.0,0.0,0.0,Clear
2024-10-13,35.96,49.28,45.14,87.5,0.15,100.0,0.0,"Rain, Partially cloudy"
2024-10-14,45.14,61.34,50.18,76.0,0.04,100.0,0.0,"Rain, Partially cloudy"
2024-10-15,33.44,55.4,44.06,68.7,0.0,0.0,0.0,Partially cloudy
2024-10-16,35.06,57.2,46.22,62.0,0.0,0.0,0.0,Partially cloudy
2024-10-17,27.5,59.18,42.08,70.1,0.0,0.0,0.0,Clear
2024-10-18,29.3,67.64,45.68,66.0,0.0,0.0,0.0,Clear
2024-10-19,31.28,71.42,47.84,66.9,0.0,0.0,0.0,Clear
2024-10-20,30.92,75.2,49.64,65.2,0.0,0.0,0.0,Clear
2024-10-21,38.66,81.5,57.56,63.5,0.0,0.0,0.0,Clear
2024-10-22,46.4,83.3,62.78,65.1,0.0,0.0,0.0,Clear
2024-10-23,45.14,78.44,61.16,65.7,0.0,0.0,0.0,Clear
2024-10-24,49.46,66.56,58.46,59.4,0.01,0.0,0.0,Partially cloudy
2024-10-25,32.72,60.44,47.12,63.6,0.0,0.0,0.0,Clear
2024-10-26,38.48,63.5,50.72,52.4,0.0,0.0,0.0,Partially cloudy
2024-10-27,31.64,55.4,43.52,54.7,0.0,0.0,0.0,Clear
2024-10-28,30.2,58.64,41.54,64.2,0.0,0.0,0.0,Partially cloudy
2024-10-29,34.16,59.72,47.3,82.2,0.05,100.0,0.0,"Rain, Partially cloudy"
2024-10-30,46.94,77.18,60.44,75.4,0.0,0.0,0.0,Clear
2024-10-31,45.68,81.14,63.68,66.9,0.0,0.0,0.0,Clear
2024-11-01,53.96,78.62,68.72,50.2,0.0,0.0,0.0,Clear
2024-11-02,39.38,57.2,50.72,52.2,0.0,0.0,0.0,Partially cloudy
2024-11-03,27.5,53.06,37.76,62.3,0.0,0.0,0.0,Clear
2024-11-04,26.06,55.94,42.44,66.8,0.0,0.0,0.0,Clear
2024-11-05,43.7,73.4,59.9,70.5,0.0,0.0,0.0,Partially cloudy
2024-11-06,54.68,79.7,68.54,66.2,0.0,0.0,0.0,Partially cloudy
2024-11-07,40.28,70.34,59.36,63.6,0.0,0.0,0.0,Clear
2024-11-08,33.8,66.02,50.72,57.6,0.0,0.0,0.0,Clear
2024-11-09,29.3,53.6,42.44,43.4,0.0,0.0,0.0,Clear
2024-11-10,25.16,55.4,41.72,61.5,0.07,100.0,0.0,"Rain, Partially cloudy"
2024-11-11,46.58,64.94,56.66,69.2,0.11,100.0,0.0,"Rain, Partially cloudy"
2024-11-12,36.5,53.42,46.4,51.3,0.0,0.0,0.0,Clear
2024-11-13,25.7,47.12,35.6,53.9,0.0,0.0,0.0,Clear
2024-11-14,20.3,45.68,33.26,59.4,0.0,0.0,0.0,Clear
2024-11-15,27.32,55.4,38.48,57.1,0.0,0.0,0.0,Clear
2024-11-16,30.38,63.14,44.96,44.7,0.0,0.0,0.0,Clear
2024-11-17,26.06,59.36,41.9,58.2,0.0,0.0,0.0,Clear
2024-11-18,35.96,64.94,50.18,54.6,0.0,0.0,0.0,Clear
2024-11-19,31.64,56.3,43.34,65.4,0.0,0.0,0.0,Partially cloudy
2024-11-20,41.72,56.3,49.64,61.1,0.0,0.0,0.0,Overcast
2024-11-21,37.58,51.8,44.78,89.0,0.84,100.0,0.0,"Rain, Overcast"
2024-11-22,32.72,36.14,34.52,92.8,1.05,100.0,0.58,"Snow, Rain, Overcast"
2024-11-23,35.42,49.46,41.9,75.5,0.0,0.0,0.01,Partially cloudy
2024-11-24,38.3,49.1,44.96,53.1,0.0,0.0,0.0,Partially cloudy
2024-11-25,30.2,50.36,39.2,64.7,0.0,0.0,0.0,Clear
2024-11-26,38.48,55.94,45.14,73.2,0.23,100.0,0.0,"Rain, Partially cloudy"
2024-11-27,31.28,48.56,39.2,66.9,0.0,0.0,0.0,Clear
2024-11-28,35.96,38.3,37.4,89.0,0.48,100.0,0.05,"Rain, Overcast"
2024-11-29,28.4,42.08,35.96,74.6,0.01,0.0,0.0,Partially cloudy
2024-11-30,27.68,36.5,30.74,61.2,0.0,0.0,0.02,Partially cloudy
2024-12-01,18.68,35.96,27.14,57.4,0.0,0.0,0.0,Clear
2024-12-02,16.52,37.58,26.06,69.0,0.0,0.0,0.0,Partially cloudy
2024-12-03,20.3,38.12,29.3,69.4,0.0,0.0,0.0,Partially cloudy
2024-12-04,16.7,36.68,28.76,65.3,0.0,0.0,0.0,Partially cloudy
2024-12-05,31.28,37.94,34.34,71.7,0.08,100.0,0.1,"Snow, Rain, Partially cloudy"
2024-12-06,27.14,32.36,29.48,47.9,0.0,0.0,0.0,Partially cloudy
2024-12-07,27.5,37.94,32.72,53.9,0.0,0.0,0.0,Partially cloudy
2024-12-08,32.0,50.0,42.44,49.7,0.01,0.0,0.02,Partially cloudy
2024-12-09,27.68,45.68,37.04,87.4,0.17,100.0,0.0,"Rain, Partially cloudy"
2024-12-10,41.36,43.52,42.26,91.7,0.08,100.0,0.0,"Rain, Overcast"
2024-12-11,40.1,61.52,50.72,92.0,1.47,100.0,0.0,"Rain, Overcast"
2024-12-12,24.62,39.02,33.8,48.8,0.01,0.0,0.0,Partially cloudy
2024-12-13,15.44,32.18,25.16,49.4,0.0,0.0,0.0,Clear
2024-12-14,11.3,32.36,20.3,70.5,0.0,0.0,0.0,Clear
2024-12-15,12.56,33.44,23.9,74.7,0.0,0.0,0.02,Partially cloudy
2024-12-16,30.2,36.5,33.8,94.1,0.2,100.0,0.16,"Snow, Rain, Overcast"
2024-12-17,35.42,54.68,43.16,85.5,0.13,100.0,0.0,"Snow, Rain, Partially cloudy"
2024-12-18,25.52,49.28,37.94,81.9,0.19,100.0,0.0,"Rain, Partially cloudy"
2024-12-19,29.3,41.36,36.5,72.5,0.01,0.0,0.0,Partially cloudy
2024-12-20,28.4,30.2,29.48,81.2,0.03,100.0,0.18,"Snow, Rain, Partially cloudy"
2024-12-21,15.8,28.22,24.62,66.8,0.02,0.0,0.06,Partially cloudy
2024-12-22,2.3,17.42,10.94,60.3,0.0,0.0,0.0,Clear
2024-12-23,-2.38,22.1,10.4,64.6,0.0,0.0,0.0,Clear
2024-12-24,20.48,33.8,26.24,78.0,0.07,100.0,0.09,"Snow, Rain, Partially cloudy"
2024-12-25,13.64,32.0,26.06,74.0,0.0,0.0,0.0,Partially cloudy
2024-12-26,6.44,28.76,15.8,78.9,0.0,0.0,0.0,Clear
2024-12-27,6.26,35.06,19.22,77.1,0.0,0.0,0.0,Clear
2024-12-28,29.3,39.56,34.7,93.8,0.18,100.0,0.0,"Snow, Rain, Overcast"
2024-12-29,36.68,56.66,44.78,92.9,0.1,100.0,0.0,"Rain, Overcast"
2024-12-30,42.98,57.56,52.88,68.9,0.22,100.0,0.0,"Rain, Partially cloudy"
2024-12-31,31.1,51.98,43.16,64.7,0.15,100.0,0.0,Rain
2025-01-01,38.3,47.3,41.72,81.0,0.31,100.0,0.0,"Rain, Overcast"
2025-01-02,32.18,40.46,36.86,54.2,0.0,0.0,0.0,Partially cloudy
2025-01-03,27.5,34.52,31.82,50.4,0.0,0.0,0.0,Partially cloudy
2025-01-04,26.42,31.28,28.58,48.1,0.0,0.0,0.0,Partially cloudy
2025-01-05,24.44,30.74,28.04,51.1,0.0,0.0,0.0,Partially cloudy
2025-01-06,16.7,26.6,22.64,72.4,0.0,0.0,0.0,Partially cloudy
2025-01-07,15.8,32.36,23.54,53.7,0.0,0.0,0.0,Partially cloudy
2025-01-08,20.3,27.14,23.18,47.0,0.0,0.0,0.0,Partially cloudy
2025-01-09,20.66,32.36,25.88,52.1,0.0,0.0,0.0,Partially cloudy
2025-01-10,19.76,40.64,29.66,58.4,0.0,0.0,0.0,Clear
2025-01-11,25.52,30.92,28.58,69.8,0.01,0.0,0.04,Partially cloudy
2025-01-12,19.94,40.64,30.2,65.7,0.0,0.0,0.0,Partially cloudy
2025-01-13,24.08,39.56,31.1,68.4,0.0,0.0,0.0,Partially cloudy
2025-01-14,22.1,29.66,26.78,47.2,0.0,0.0,0.0,Partially cloudy
2025-01-15,17.96,28.94,23.36,52.8,0.0,0.0,0.0,Partially cloudy
2025-01-16,14.72,27.5,21.56,71.7,0.0,0.0,0.0,Partially cloudy
2025-01-17,14.54,38.66,26.6,76.3,0.0,0.0,0.0,Partially cloudy
2025-01-18,21.92,40.1,32.18,82.8,0.07,100.0,0.0,"Rain, Partially cloudy"
2025-01-19,21.92,35.78,29.84,85.6,0.17,100.0,0.0,"Snow, Rain, Overcast"
2025-01-20,2.66,23.18,15.8,62.6,0.0,0.0,0.07,Partially cloudy
2025-01-21,-4.9,16.52,6.98,60.1,0.0,0.0,0.0,Clear
2025-01-22,-9.94,17.78,4.64,61.7,0.0,0.0,0.0,Clear
2025-01-23,1.58,26.78,14.0,55.6,0.0,0.0,0.0,Clear
2025-01-24,4.46,30.2,17.42,60.4,0.0,0.0,0.0,Clear
2025-01-25,7.34,27.68,17.6,64.2,0.0,0.0,0.0,Partially cloudy
2025-01-26,12.02,38.3,25.34,61.4,0.01,0.0,0.0,Partially cloudy
2025-01-27,14.36,37.58,27.68,53.5,0.0,0.0,0.0,Clear
2025-01-28,21.38,36.68,31.46,43.1,0.0,0.0,0.0,Partially cloudy
2025-01-29,22.46,49.1,33.98,54.3,0.0,0.0,0.0,Partially cloudy
2025-01-30,20.3,32.36,26.24,46.0,0.0,0.0,0.0,Partially cloudy
2025-01-31,23.72,37.76,31.82,84.7,0.49,100.0,0.0,"Snow, Rain, Partially cloudy"
2025-02-01,14.72,34.16,28.22,64.4,0.0,0.0,0.0,Partially cloudy
2025-02-02,8.96,27.14,18.14,66.1,0.11,100.0,0.0,"Snow, Partially cloudy"
2025-02-03,24.98,42.26,32.54,82.4,0.0,0.0,0.03,Partially cloudy
2025-02-04,26.6,41.36,36.14,59.9,0.0,0.0,0.0,Partially cloudy
2025-02-05,20.3,31.64,25.52,49.8,0.0,0.0,0.0,Clear
2025-02-06,19.22,35.42,27.5,83.5,0.21,100.0,0.09,"Snow, Rain, Partially cloudy"
2025-02-07,23.72,38.66,32.72,54.9,0.0,0.0,0.0,Partially cloudy
2025-02-08,18.68,31.64,26.24,58.0,0.19,100.0,0.0,"Snow, Partially cloudy"
2025-02-09,26.42,33.8,29.66,79.1,0.12,100.0,0.4,"Snow, Overcast"
2025-02-10,15.62,34.52,27.5,54.5,0.0,0.0,0.0,Partially cloudy
2025-02-11,9.68,31.28,22.46,64.2,0.0,0.0,0.0,Partially cloudy
2025-02-12,24.08,30.56,27.86,67.4,0.01,0.0,0.0,Overcast
2025-02-13,27.5,42.44,34.52,82.8,0.07,100.0,0.1,"Snow, Rain, Partially cloudy"
2025-02-14,24.8,33.08,29.48,44.8,0.0,0.0,0.0,Partially cloudy
2025-02-15,20.3,30.2,25.7,70.2,0.28,100.0,0.0,"Snow, Partially cloudy"
2025-02-16,28.4,36.32,31.82,89.6,0.86,100.0,0.24,"Snow, Rain, Overcast"
2025-02-17,20.3,31.28,26.42,50.1,0.0,0.0,0.0,Partially cloudy
2025-02-18,14.36,24.08,19.22,41.8,0.0,0.0,0.0,Clear
2025-02-19,13.1,28.58,20.48,51.5,0.0,0.0,0.0,Clear
2025-02-20,6.44,25.7,18.14,66.1,0.0,0.0,0.0,Partially cloudy
2025-02-21,19.4,31.82,24.8,51.1,0.0,0.0,0.0,Partially cloudy
2025-02-22,13.28,37.76,25.52,57.5,0.0,0.0,0.0,Clear
2025-02-23,26.06,42.44,34.34,55.0,0.0,0.0,0.0,Partially cloudy
2025-02-24,28.22,47.66,37.76,60.1,0.0,0.0,0.0,Partially cloudy
2025-02-25,32.72,52.16,42.26,63.8,0.0,0.0,0.0,Partially cloudy
2025-02-26,29.48,51.98,41.0,64.0,0.0,0.0,0.0,Partially cloudy
2025-02-27,34.52,47.66,39.92,81.7,0.07,100.0,0.0,"Snow, Rain, Partially cloudy"
2025-02-28,33.44,44.06,39.74,55.1,0.0,0.0,0.0,Partially cloudy
2025-03-01,23.72,55.94,40.82,47.4,0.0,0.0,0.0,Partially cloudy
2025-03-02,17.06,30.74,22.46,39.9,0.0,0.0,0.0,Clear
2025-03-03,11.66,36.5,23.9,55.9,0.0,0.0,0.0,Clear
2025-03-04,19.4,48.2,33.8,62.9,0.0,0.0,0.0,Partially cloudy
2025-03-05,29.3,57.56,46.04,81.7,0.7,100.0,0.0,"Rain, Partially cloudy"
2025-03-06,32.36,51.08,45.68,73.6,0.1,100.0,0.0,"Rain, Overcast"
2025-03-07,33.08,44.6,37.76,38.5,0.0,0.0,0.0,Partially cloudy
2025-03-08,25.7,40.1,34.52,44.5,0.0,0.0,0.0,Clear
2025-03-09,26.42,50.72,36.32,46.2,0.0,0.0,0.0,Partially cloudy
2025-03-10,28.22,64.4,44.78,46.6,0.0,0.0,0.0,Clear
2025-03-11,28.4,66.92,48.2,52.7,0.0,0.0,0.0,Clear
2025-03-12,35.42,48.2,41.9,35.9,0.0,0.0,0.0,Partially cloudy
2025-03-13,30.02,54.14,41.54,47.4,0.0,0.0,0.0,Partially cloudy
2025-03-14,28.76,61.16,43.7,61.3,0.0,0.0,0.0,Partially cloudy
2025-03-15,39.92,50.36,44.96,81.8,0.0,0.0,0.0,Partially cloudy
2025-03-16,46.76,66.56,56.66,81.6,0.01,0.0,0.0,Overcast
2025-03-17,36.5,56.12,48.38,82.0,1.0,100.0,0.0,"Rain, Partially cloudy"
2025-03-18,29.48,58.28,42.08,49.8,0.0,0.0,0.0,Clear
2025-03-19,28.94,68.36,48.74,50.4,0.0,0.0,0.0,Clear
2025-03-20,43.16,57.2,49.64,74.8,0.3,100.0,0.0,"Rain, Partially cloudy"
2025-03-21,34.7,49.1,43.34,51.1,0.47,100.0,0.0,"Rain, Partially cloudy"
2025-03-22,28.22,59.72,42.8,53.2,0.03,100.0,0.0,"Rain, Partially cloudy"
2025-03-23,27.14,46.04,36.14,38.9,0.0,0.0,0.0,Clear
2025-03-24,35.06,42.8,39.02,81.8,0.09,100.0,0.01,"Rain, Overcast"
2025-03-25,33.44,56.3,44.96,56.2,0.0,0.0,0.0,Partially cloudy
2025-03-26,26.6,46.76,37.76,62.7,0.0,0.0,0.0,Partially cloudy
2025-03-27,28.4,50.36,38.3,43.9,0.0,0.0,0.0,Clear
2025-03-28,28.94,58.28,46.4,47.9,0.0,0.0,0.0,Partially cloudy
2025-03-29,41.0,73.22,51.44,75.6,0.11,100.0,0.0,"Rain, Partially cloudy"
2025-03-30,39.56,46.76,42.8,87.5,0.02,100.0,0.0,"Rain, Overcast"
2025-03-31,43.7,74.66,56.48,81.8,0.33,100.0,0.0,"Rain, Partially cloudy"
2025-04-01,37.22,58.28,45.14,53.6,0.4,100.0,0.0,"Rain, Partially cloudy"
2025-04-02,30.2,50.18,39.2,46.8,0.0,0.0,0.0,Partially cloudy
2025-04-03,41.0,69.08,53.78,80.7,0.04,100.0,0.0,"Rain, Partially cloudy"
2025-04-04,53.06,68.18,62.42,45.2,0.0,0.0,0.0,Partially cloudy
2025-04-05,42.8,51.08,46.94,68.0,0.3,100.0,0.0,"Rain, Overcast"
2025-04-06,42.44,54.68,47.3,74.8,0.11,100.0,0.0,"Rain, Overcast"
2025-04-07,37.22,46.22,39.92,80.3,0.05,100.0,0.0,"Rain, Overcast"
2025-04-08,32.0,40.28,37.04,59.7,0.0,0.0,0.0,Partially cloudy
2025-04-09,27.5,47.3,36.32,38.0,0.0,0.0,0.0,Clear
2025-04-10,27.68,50.36,38.12,63.1,0.11,100.0,0.0,"Rain, Partially cloudy"
2025-04-11,35.42,48.02,41.0,81.0,0.06,100.0,0.02,"Snow, Rain, Overcast"
2025-04-12,32.72,42.08,35.96,91.5,0.92,100.0,0.27,"Snow, Rain, Overcast"
2025-04-13,37.4,56.12,45.14,73.0,0.0,0.0,0.0,Partially cloudy
2025-04-14,33.26,64.4,50.18,57.6,0.0,0.0,0.0,Clear
2025-04-15,47.3,67.82,54.5,60.4,0.02,100.0,0.0,"Rain, Partially cloudy"
2025-04-16,41.18,46.94,43.52,52.6,0.0,0.0,0.0,Overcast
2025-04-17,37.76,61.7,48.56,42.1,0.0,0.0,0.0,Partially cloudy
2025-04-18,28.94,70.34,51.44,49.9,0.0,0.0,0.0,Clear
2025-04-19,50.72,85.1,66.2,59.6,0.02,100.0,0.0,"Rain, Partially cloudy"
2025-04-20,44.6,71.06,59.18,41.5,0.0,0.0,0.0,Clear
2025-04-21,35.6,59.36,48.74,51.0,0.0,0.0,0.0,Partially cloudy
2025-04-22,48.56,76.82,61.7,60.2,0.08,100.0,0.0,"Rain, Partially cloudy"
2025-04-23,44.42,75.02,60.26,43.9,0.0,0.0,0.0,Clear
2025-04-24,42.44,81.5,62.96,50.9,0.0,0.0,0.0,Clear
2025-04-25,50.36,79.52,65.48,51.5,0.0,0.0,0.0,Clear
2025-04-26,54.14,70.88,62.6,81.0,1.0,100.0,0.0,"Rain, Overcast"
2025-04-27,45.5,56.3,51.08,53.7,0.0,0.0,0.0,Partially cloudy
2025-04-28,35.96,74.3,56.66,48.7,0.0,0.0,0.0,Clear
2025-04-29,43.52,80.6,64.4,51.4,0.01,100.0,0.0,Rain
2025-04-30,47.3,70.52,64.22,45.7,0.0,0.0,0.0,Clear
2025-05-01,39.92,73.94,57.2,50.5,0.0,0.0,0.0,Partially cloudy
2025-05-02,56.12,80.96,66.74,65.2,0.02,0.0,0.0,Partially cloudy
2025-05-03,58.1,81.14,68.0,76.2,0.27,100.0,0.0,"Rain, Partially cloudy"
2025-05-04,58.28,64.94,61.7,92.9,0.47,100.0,0.0,"Rain, Overcast"
2025-05-05,56.66,63.68,59.54,92.2,1.15,100.0,0.0,"Rain, Overcast"
2025-05-06,58.1,68.18,62.42,87.7,0.32,100.0,0.0,"Rain, Overcast"
2025-05-07,51.08,69.98,60.98,76.1,0.03,100.0,0.0,"Rain, Partially cloudy"
2025-05-08,48.92,73.94,60.44,81.3,0.1,100.0,0.0,"Rain, Partially cloudy"
2025-05-09,46.4,52.88,49.46,94.4,1.61,100.0,0.0,"Rain, Overcast"
2025-05-10,49.28,72.14,57.92,63.8,0.11,100.0,0.0,"Rain, Partially cloudy"
2025-05-11,42.44,72.68,58.28,57.0,0.0,0.0,0.0,Clear
2025-05-12,39.02,77.36,59.18,58.1,0.0,0.0,0.0,Clear
2025-05-13,52.7,73.58,63.32,75.3,0.03,100.0,0.0,"Rain, Partially cloudy"
2025-05-14,58.28,67.46,61.88,87.0,0.3,100.0,0.0,"Rain, Overcast"
2025-05-15,61.16,75.74,66.38,86.1,0.0,0.0,0.0,Partially cloudy
2025-05-16,61.7,77.72,68.9,81.7,0.0,0.0,0.0,Partially cloudy
2025-05-17,64.04,81.68,71.42,73.4,0.03,100.0,0.0,"Rain, Partially cloudy"
2025-05-18,55.94,69.26,62.96,61.6,0.0,0.0,0.0,Partially cloudy
2025-05-19,50.36,67.64,58.46,53.3,0.0,0.0,0.0,Partially cloudy
2025-05-20,41.18,62.6,52.88,61.6,0.0,0.0,0.0,Partially cloudy
2025-05-21,45.86,54.68,50.36,80.9,0.11,100.0,0.0,"Rain, Overcast"
2025-05-22,46.4,51.08,47.84,87.0,0.41,100.0,0.0,"Rain, Overcast"
2025-05-23,45.5,56.12,49.64,87.0,0.09,100.0,0.0,"Rain, Overcast"
2025-05-24,45.68,61.52,53.96,71.6,0.06,100.0,0.0,"Rain, Partially cloudy"
2025-05-25,47.66,64.4,56.84,65.2,0.0,0.0,0.0,Partially cloudy
2025-05-26,42.44,72.5,59.18,64.9,0.0,0.0,0.0,Partially cloudy
2025-05-27,43.7,74.48,60.8,64.9,0.0,0.0,0.0,Clear
2025-05-28,53.6,71.06,60.08,74.7,0.07,100.0,0.0,"Rain, Partially cloudy"
2025-05-29,53.6,69.8,60.62,84.3,0.04,100.0,0.0,"Rain, Partially cloudy"
2025-05-30,56.66,74.66,66.02,80.2,0.11,100.0,0.0,"Rain, Partially cloudy"
2025-05-31,50.0,64.76,58.1,85.4,2.22,100.0,0.0,"Rain, Overcast"
2025-06-01,49.28,62.96,55.04,66.3,0.0,0.0,0.0,Overcast
2025-06-02,43.52,72.14,58.64,64.3,0.0,0.0,0.0,Partially cloudy
2025-06-03,43.7,78.98,62.78,60.9,0.0,0.0,0.0,Clear
2025-06-04,51.08,87.44,69.8,64.3,0.0,0.0,0.0,Clear
2025-06-05,60.98,91.04,76.64,65.9,0.0,0.0,0.0,Clear
2025-06-06,67.82,84.74,74.12,75.3,0.31,100.0,0.0,"Rain, Partially cloudy"
2025-06-07,62.06,71.06,66.74,92.4,1.04,100.0,0.0,"Rain, Partially cloudy"
2025-06-08,59.18,76.82,66.74,79.8,0.04,100.0,0.0,"Rain, Partially cloudy"
2025-06-09,59.36,66.56,62.6,88.6,0.19,100.0,0.0,"Rain, Overcast"
2025-06-10,61.7,76.28,66.38,86.8,0.32,100.0,0.0,"Rain, Partially cloudy"
2025-06-11,55.94,81.14,68.54,71.0,0.0,0.0,0.0,Partially cloudy
2025-06-12,60.8,85.1,73.76,58.9,0.0,0.0,0.0,Clear
2025-06-13,57.2,78.08,68.18,59.8,0.0,0.0,0.0,Clear
2025-06-14,60.44,66.2,63.32,80.9,0.09,100.0,0.0,"Rain, Overcast"
2025-06-15,59.36,67.28,62.96,75.5,0.0,0.0,0.0,Overcast
2025-06-16,55.4,71.42,63.68,76.6,0.27,100.0,0.0,"Rain, Partially cloudy"
2025-06-17,57.2,68.36,62.78,92.9,0.52,100.0,0.0,"Rain, Overcast"
2025-06-18,65.66,80.42,71.6,89.7,0.55,100.0,0.0,"Rain, Overcast"
2025-06-19,68.72,90.68,78.8,75.1,0.01,0.0,0.0,Partially cloudy
2025-06-20,66.2,82.58,73.94,57.7,0.0,0.0,0.0,Partially cloudy
2025-06-21,60.08,85.82,74.3,69.2,0.0,0.0,0.0,Clear
2025-06-22,69.62,88.52,78.44,75.4,0.11,100.0,0.0,"Rain, Partially cloudy"
2025-06-23,75.02,96.8,85.1,72.8,0.0,0.0,0.0,Partially cloudy
2025-06-24,69.98,99.14,84.38,66.0,0.0,0.0,0.0,Clear
2025-06-25,71.06,93.74,83.12,68.1,0.0,0.0,0.0,Clear
2025-06-26,62.06,77.36,69.26,75.0,0.08,100.0,0.0,"Rain, Overcast"
2025-06-27,61.52,70.7,65.66,66.9,0.02,100.0,0.0,"Rain, Overcast"
2025-06-28,60.44,85.28,71.42,72.9,0.0,0.0,0.0,Partially cloudy
2025-06-29,66.2,87.44,77.0,68.1,0.0,0.0,0.0,Clear
2025-06-30,59.72,89.06,75.56,70.6,0.0,0.0,0.0,Clear
2025-07-01,69.98,89.96,77.54,79.3,0.78,100.0,0.0,"Rain, Partially cloudy"
2025-07-02,69.26,85.46,75.92,76.3,0.01,100.0,0.0,"Rain, Partially cloudy"
2025-07-03,62.42,86.36,71.42,76.2,0.19,100.0,0.0,Rain
2025-07-04,56.66,82.22,69.26,67.3,0.0,0.0,0.0,Clear
2025-07-05,55.04,85.46,70.34,68.7,0.0,0.0,0.0,Clear
2025-07-06,64.76,89.42,77.54,66.5,0.0,0.0,0.0,Clear
2025-07-07,68.18,86.36,77.9,78.5,0.17,100.0,0.0,"Rain, Partially cloudy"
2025-07-08,72.68,90.86,81.32,76.8,0.0,0.0,0.0,Partially cloudy
2025-07-09,71.6,87.98,79.52,71.3,0.01,0.0,0.0,Partially cloudy
2025-07-10,71.24,84.2,77.18,77.1,0.13,100.0,0.0,"Rain, Partially cloudy"
2025-07-11,69.44,87.62,78.08,75.5,0.0,0.0,0.0,Partially cloudy
2025-07-12,71.78,86.36,77.9,76.0,0.0,0.0,0.0,Partially cloudy
2025-07-13,71.96,83.12,77.0,75.3,0.0,0.0,0.0,Overcast
2025-07-14,70.88,85.1,76.64,82.1,0.66,100.0,0.0,"Rain, Partially cloudy"
2025-07-15,68.54,89.24,78.44,76.5,0.0,0.0,0.0,Partially cloudy
2025-07-16,70.88,91.58,81.32,74.6,0.0,0.0,0.0,Clear
2025-07-17,74.84,89.24,81.86,72.7,0.01,0.0,0.0,Partially cloudy
2025-07-18,63.32,79.52,73.76,59.2,0.0,0.0,0.0,Clear
2025-07-19,55.58,82.58,70.7,72.5,0.0,0.0,0.0,Partially cloudy
2025-07-20,71.42,87.08,78.8,72.8,0.01,0.0,0.0,Partially cloudy
2025-07-21,61.7,80.6,72.14,66.0,0.0,0.0,0.0,Partially cloudy
2025-07-22,54.68,78.44,67.46,62.2,0.0,0.0,0.0,Partially cloudy
2025-07-23,58.1,83.48,71.24,67.6,0.0,0.0,0.0,Clear
2025-07-24,62.24,88.52,76.28,68.5,0.0,0.0,0.0,Partially cloudy
2025-07-25,71.96,93.2,82.4,67.5,0.01,0.0,0.0,Clear
2025-07-26,67.1,82.58,76.28,61.1,0.0,0.0,0.0,Clear
2025-07-27,65.66,83.12,74.3,80.4,0.35,100.0,0.0,"Rain, Partially cloudy"
2025-07-28,67.28,91.58,79.16,74.2,0.0,0.0,0.0,Clear
2025-07-29,68.9,97.16,81.68,69.1,0.0,0.0,0.0,Clear
2025-07-30,68.18,92.66,77.72,77.7,0.04,100.0,0.0,Rain
2025-07-31,61.52,73.04,66.92,92.8,2.33,100.0,0.0,"Rain, Partially cloudy"
2025-08-01,59.54,75.02,64.76,82.8,0.11,100.0,0.0,"Rain, Partially cloudy"
2025-08-02,53.42,77.54,65.12,69.9,0.0,0.0,0.0,Clear
2025-08-03,51.62,81.86,66.38,70.3,0.0,0.0,0.0,Clear
2025-08-04,55.22,84.56,69.26,74.2,0.0,0.0,0.0,Clear
2025-08-05,59.54,82.76,70.52,80.0,0.0,0.0,0.0,Clear
2025-08-06,62.24,78.26,70.16,79.0,0.0,0.0,0.0,Clear
2025-08-07,61.7,80.24,70.16,70.8,0.0,0.0,0.0,Partially cloudy
2025-08-08,54.86,81.68,67.82,65.9,0.0,0.0,0.0,Clear
2025-08-09,54.86,83.48,68.72,69.1,0.0,0.0,0.0,Clear
2025-08-10,57.38,87.62,72.14,68.7,0.0,0.0,0.0,Clear
2025-08-11,60.62,88.34,74.12,69.2,0.0,0.0,0.0,Clear
2025-08-12,60.08,90.86,75.92,67.2,0.0,0.0,0.0,Clear
2025-08-13,67.28,89.96,75.74,83.2,0.36,100.0,0.0,"Rain, Partially cloudy"
2025-08-14,69.08,89.06,77.18,77.1,0.0,0.0,0.0,Partially cloudy
2025-08-15,64.58,87.26,76.28,68.8,0.0,0.0,0.0,Clear
2025-08-16,68.9,86.36,76.82,75.8,0.05,100.0,0.0,"Rain, Partially cloudy"
2025-08-17,68.54,86.9,76.28,79.5,0.27,100.0,0.0,"Rain, Partially cloudy"
2025-08-18,56.48,75.2,66.02,59.5,0.0,0.0,0.0,Partially cloudy
2025-08-19,54.32,75.92,65.3,66.1,0.0,0.0,0.0,Partially cloudy
2025-08-20,55.22,64.76,60.44,83.9,0.82,100.0,0.0,"Rain, Overcast"
2025-08-21,54.68,72.14,62.06,81.8,0.03,100.0,0.0,"Rain, Partially cloudy"
2025-08-22,49.82,80.78,65.12,73.5,0.0,0.0,0.0,Clear
2025-08-23,56.48,82.58,69.62,65.7,0.0,0.0,0.0,Clear
2025-08-24,62.96,79.52,71.06,72.3,0.0,0.0,0.0,Partially cloudy
2025-08-25,63.32,81.68,72.32,66.3,0.0,0.0,0.0,Partially cloudy
2025-08-26,52.52,74.48,64.94,64.8,0.0,0.0,0.0,Partially cloudy
2025-08-27,53.24,71.24,62.24,68.9,0.0,0.0,0.0,Partially cloudy
2025-08-28,47.12,76.82,61.7,68.5,0.0,0.0,0.0,Clear
2025-08-29,54.5,72.5,63.14,74.0,0.0,0.0,0.0,Partially cloudy
2025-08-30,46.58,73.22,60.8,63.4,0.0,0.0,0.0,Partially cloudy
2025-08-31,45.5,76.64,60.8,70.3,0.0,0.0,0.0,Clear
2025-09-01,49.46,76.46,62.24,75.0,0.0,0.0,0.0,Clear
2025-09-02,49.1,78.08,62.6,72.6,0.0,0.0,0.0,Clear
2025-09-03,49.82,78.98,63.86,70.0,0.0,0.0,0.0,Clear
2025-09-04,52.7,79.52,66.2,74.7,0.24,100.0,0.0,Rain
2025-09-05,62.6,80.42,69.98,82.0,0.39,100.0,0.0,"Rain, Partially cloudy"
2025-09-06,61.7,78.62,67.64,87.3,0.15,100.0,0.0,"Rain, Partially cloudy"
2025-09-07,55.22,72.32,63.5,78.9,0.07,100.0,0.0,"Rain, Partially cloudy"
2025-09-08,44.42,71.6,57.56,73.7,0.0,0.0,0.0,Clear
2025-09-09,44.24,73.4,57.92,74.1,0.0,0.0,0.0,Clear
2025-09-10,51.26,73.94,61.16,77.2,0.0,0.0,0.0,Partially cloudy
2025-09-11,47.66,77.18,60.98,77.9,0.0,0.0,0.0,Clear
2025-09-12,52.7,76.28,63.14,75.8,0.0,0.0,0.0,Clear
2025-09-13,55.58,77.54,65.12,80.1,0.0,0.0,0.0,Partially cloudy
2025-09-14,54.14,80.06,66.2,78.4,0.0,0.0,0.0,Clear
2025-09-15,53.6,80.24,66.02,75.5,0.0,0.0,0.0,Clear
2025-09-16,55.22,74.84,63.5,80.3,0.0,0.0,0.0,Clear
2025-09-17,52.16,74.12,61.7,79.9,0.0,0.0,0.0,Clear
2025-09-18,54.32,80.78,64.94,78.1,0.0,0.0,0.0,Clear
2025-09-19,53.96,81.5,65.84,69.9,0.0,0.0,0.0,Clear
2025-09-20,48.2,72.32,58.46,65.6,0.0,0.0,0.0,Clear
2025-09-21,43.52,70.34,55.94,72.5,0.0,0.0,0.0,Clear
2025-09-22,45.32,71.24,57.56,79.0,0.0,0.0,0.0,Partially cloudy
2025-09-23,55.22,76.46,65.66,84.2,0.0,0.0,0.0,Partially cloudy
2025-09-24,65.3,75.2,69.62,90.0,2.59,100.0,0.0,"Rain, Partially cloudy"
2025-09-25,67.46,75.74,71.06,91.5,1.82,100.0,0.0,"Rain, Partially cloudy"
2025-09-26,60.8,79.88,69.26,78.5,0.01,100.0,0.0,Rain
2025-09-27,53.24,77.72,64.4,82.8,0.0,0.0,0.0,Clear
2025-09-28,59.72,83.48,69.98,76.0,0.08,100.0,0.0,Rain
2025-09-29,51.44,75.56,62.42,78.1,0.0,0.0,0.0,Clear
2025-09-30,50.18,77.72,63.14,66.9,0.0,0.0,0.0,Clear
2025-10-01,48.56,66.56,56.84,50.8,0.0,0.0,0.0,Clear
2025-10-02,37.94,64.22,50.54,67.6,0.0,0.0,0.0,Clear
2025-10-03,39.56,72.86,54.68,75.1,0.0,0.0,0.0,Clear
2025-10-04,43.7,80.42,60.08,75.9,0.0,0.0,0.0,Clear
2025-10-05,48.74,84.02,64.22,73.7,0.0,0.0,0.0,Clear
2025-10-06,51.08,82.22,65.66,70.7,0.0,0.0,0.0,Clear
2025-10-07,55.76,79.52,68.36,73.4,0.0,0.0,0.0,Clear
2025-10-08,49.28,70.34,62.24,70.2,0.34,100.0,0.0,"Rain, Partially cloudy"
2025-10-09,35.24,56.84,47.84,59.6,0.0,0.0,0.0,Clear
2025-10-10,27.86,61.52,44.42,71.6,0.0,0.0,0.0,Clear
2025-10-11,45.14,63.68,54.5,83.0,0.06,100.0,0.0,"Rain, Partially cloudy"
2025-10-12,53.24,60.08,56.12,82.1,0.1,100.0,0.0,"Rain, Partially cloudy"
2025-10-13,50.72,52.88,51.8,93.7,2.15,100.0,0.0,"Rain, Partially cloudy"
2025-10-14,50.72,60.8,55.04,85.3,0.16,100.0,0.0,"Rain, Partially cloudy"
2025-10-15,46.4,61.88,53.78,80.0,0.0,0.0,0.0,Clear
2025-10-16,35.6,58.64,47.66,54.6,0.0,0.0,0.0,Clear
2025-10-17,35.24,61.52,46.22,61.6,0.0,0.0,0.0,Clear
2025-10-18,35.42,63.5,48.02,73.7,0.0,0.0,0.0,Clear
2025-10-19,41.0,71.24,56.84,79.1,0.0,0.0,0.0,Clear
2025-10-20,53.24,65.84,59.36,77.4,0.2,100.0,0.0,"Rain, Partially cloudy"
2025-10-21,45.86,67.1,55.4,60.4,0.01,100.0,0.0,Rain
2025-10-22,51.26,60.44,55.58,68.5,0.22,100.0,0.0,"Rain, Partially cloudy"
2025-10-23,46.76,56.48,51.98,59.1,0.0,0.0,0.0,Partially cloudy
2025-10-24,38.3,56.84,47.48,70.8,0.01,0.0,0.0,Partially cloudy
2025-10-25,33.26,55.76,45.14,73.6,0.0,0.0,0.0,Partially cloudy
2025-10-26,34.88,56.66,46.4,68.8,0.0,0.0,0.0,Partially cloudy
2025-10-27,28.76,53.24,39.92,73.9,0.0,0.0,0.0,Clear
2025-10-28,30.38,56.84,43.88,71.7,0.0,0.0,0.0,Clear
2025-10-29,38.84,53.6,47.3,68.4,0.0,0.0,0.0,Partially cloudy
2025-10-30,46.04,55.22,50.9,89.9,1.0,100.0,0.0,"Rain, Partially cloudy"
2025-10-31,49.46,54.5,52.34,70.1,0.18,100.0,0.0,"Rain, Partially cloudy"
2025-11-01,38.48,54.14,48.2,52.5,0.0,0.0,0.0,Clear
2025-11-02,28.76,57.56,41.54,75.4,0.0,0.0,0.0,Clear
2025-11-03,32.54,59.36,46.58,72.4,0.02,100.0,0.0,Rain
2025-11-04,34.7,58.82,48.02,51.9,0.0,0.0,0.0,Clear
2025-11-05,33.08,60.8,49.1,52.9,0.05,100.0,0.0,Rain
2025-11-06,30.56,51.08,44.96,55.2,0.0,0.0,0.0,Partially cloudy
2025-11-07,26.96,57.02,43.16,65.5,0.08,100.0,0.0,Rain
2025-11-08,45.32,62.78,51.98,73.6,0.09,100.0,0.0,"Rain, Partially cloudy"
2025-11-09,42.98,51.98,47.66,81.9,0.12,100.0,0.0,"Rain, Partially cloudy"
2025-11-10,34.16,49.64,43.88,88.5,0.64,100.0,0.0,"Snow, Rain, Partially cloudy"
2025-11-11,29.84,38.48,34.7,55.0,0.01,0.0,0.0,Partially cloudy
2025-11-12,34.7,44.6,40.1,59.5,0.02,0.0,0.0,Partially cloudy
2025-11-13,40.82,48.38,44.24,62.7,0.0,0.0,0.0,Partially cloudy
2025-11-14,29.3,46.94,40.46,66.7,0.0,0.0,0.0,Partially cloudy
2025-11-15,26.78,44.42,37.58,73.9,0.3,100.0,0.0,"Rain, Partially cloudy"
2025-11-16,37.94,50.72,44.06,66.3,0.07,100.0,0.0,"Rain, Partially cloudy"
2025-11-17,35.42,42.26,38.48,48.5,0.0,0.0,0.0,Partially cloudy
2025-11-18,26.6,44.24,36.68,58.7,0.0,0.0,0.0,Clear
2025-11-19,25.88,46.94,34.52,69.9,0.0,0.0,0.0,Clear
2025-11-20,24.98,44.42,32.0,73.4,0.0,0.0,0.0,Clear
2025-11-21,26.06,49.82,40.1,79.1,0.0,0.0,0.0,Partially cloudy
2025-11-22,28.76,49.28,42.26,79.0,0.13,100.0,0.0,"Rain, Partially cloudy"
2025-11-23,23.72,43.16,34.7,77.8,0.0,0.0,0.0,Partially cloudy
2025-11-24,32.0,50.9,42.62,60.6,0.0,0.0,0.0,Clear
2025-11-25,31.64,51.26,41.72,79.9,0.3,100.0,0.0,"Rain, Partially cloudy"
2025-11-26,47.66,57.74,51.8,87.8,0.14,100.0,0.0,"Rain, Partially cloudy"
2025-11-27,35.78,46.22,40.82,46.8,0.0,0.0,0.0,Partially cloudy
2025-11-28,32.9,41.0,36.68,49.4,0.0,0.0,0.0,Partially cloudy
2025-11-29,28.04,39.74,33.98,54.9,0.0,0.0,0.0,Clear
2025-11-30,30.02,39.92,35.96,76.3,0.02,0.0,0.0,Partially cloudy
2025-12-01,22.28,40.64,34.88,52.8,0.0,0.0,0.0,Clear
2025-12-02,21.56,32.0,28.58,83.4,0.24,100.0,0.22,"Snow, Rain, Partially cloudy"
2025-12-03,24.98,35.6,30.38,76.4,0.0,0.0,0.0,Clear
2025-12-04,20.12,38.48,30.2,61.1,0.01,0.0,0.0,Clear
2025-12-05,7.34,25.88,18.5,55.5,0.0,0.0,0.0,Partially cloudy
2025-12-06,24.08,38.84,29.3,76.0,0.0,0.0,0.0,Partially cloudy
2025-12-07,20.66,39.56,31.46,69.4,0.0,0.0,0.0,Partially cloudy
2025-12-08,12.74,35.96,23.54,45.5,0.0,0.0,0.0,Clear
2025-12-09,5.0,30.2,18.68,56.7,0.0,0.0,0.0,Clear
2025-12-10,28.4,37.04,32.72,75.1,0.14,100.0,0.0,"Snow, Rain, Partially cloudy"
2025-12-11,24.26,35.96,30.02,54.7,0.0,0.0,0.0,Clear
2025-12-12,19.58,33.62,26.24,52.5,0.0,0.0,0.0,Clear
2025-12-13,19.94,32.0,26.6,70.8,0.0,0.0,0.0,Partially cloudy
2025-12-14,18.86,30.74,25.52,70.4,0.06,100.0,0.07,"Snow, Rain, Partially cloudy"
2025-12-15,8.96,26.96,20.12,57.2,0.0,0.0,0.0,Partially cloudy
2025-12-16,20.48,30.92,25.7,58.3,0.0,0.0,0.0,Clear
2025-12-17,21.74,43.16,32.18,61.3,0.0,0.0,0.0,Clear
2025-12-18,18.86,47.48,34.34,77.0,0.01,0.0,0.0,Clear
2025-12-19,30.56,57.2,45.32,80.9,0.9,100.0,0.0,"Rain, Partially cloudy"
2025-12-20,25.7,35.78,31.46,55.7,0.0,0.0,0.0,Clear
2025-12-21,27.86,43.88,33.8,53.2,0.0,0.0,0.0,Clear
2025-12-22,22.28,37.94,30.02,56.0,0.0,0.0,0.0,Clear
2025-12-23,30.56,34.7,32.9,85.2,0.12,100.0,0.1,"Snow, Rain, Partially cloudy"
2025-12-24,26.42,41.72,36.68,64.2,0.0,0.0,0.0,Partially cloudy
2025-12-25,23.0,43.16,32.36,60.8,0.0,0.0,0.0,Clear
2025-12-26,15.08,21.38,17.96,61.3,0.29,100.0,0.0,"Snow, Partially cloudy"
2025-12-27,14.54,24.44,20.3,84.5,0.03,100.0,0.46,"Snow, Partially cloudy"
2025-12-28,5.72,30.2,17.96,85.1,0.01,0.0,0.0,Partially cloudy
2025-12-29,28.76,44.6,34.88,77.9,0.44,100.0,0.0,"Snow, Rain, Partially cloudy"
2025-12-30,25.88,28.4,26.96,47.0,0.0,0.0,0.0,Partially cloudy
2025-12-31,23.36,28.94,25.88,56.4,0.0,0.0,0.0,Partially cloudy
